global_cluster,global_docs,global_local,global_tf_idf,local_avg,r,signature,theta,word,x,y
zone1,4137,285935.943,4,2859279.43,10.0,514,120.0,allah,-5.0,8.66
zone1,3088,137465.82,4,1374578.20,10.0,659,240.0,apostl,-5.0,-8.66
zone2,2154,67341.977,5,673319.77,20.0,312,0.0,abu,20.0,0.0
zone3,1104,41936.225000000006,7,419222.25,30.0,544,0.0,peopl,30.0,0.0
zone4,741,22732.844,6,227208.44,40.0,316,0.0,man,40.0,0.0
zone4,915,16089.826000000001,7,160758.26,40.0,659,72.0,prayer,12.36,38.04
zone4,856,19975.957000000002,3,199699.57,40.0,518,144.0,aisha,-32.36,23.51
zone4,732,11728.361,5,117183.61,40.0,318,216.0,day,-32.36,-23.51
zone4,973,15438.072,4,154300.72,40.0,748,288.0,huraira,12.36,-38.04
zone5,373,7311.0,3,73050.00,50.0,411,0.0,hand,50.0,0.0
zone5,343,4455.804,3,44498.04,50.0,663,72.0,person,15.45,47.55
zone5,403,3718.907,2,37149.07,50.0,1742,144.0,narrated_ibn_abba,-40.45,29.39
zone5,401,5596.871,2,55928.71,50.0,304,216.0,ana,-40.45,-29.39
zone5,347,5365.637000000001,2,53616.37,50.0,1448,288.0,anas_bin_malik,15.45,-47.55
zone6,304,7542.0869999999995,2,75380.87,60.0,663,0.0,muslim,60.0,0.0
zone6,329,3637.5910000000003,3,36315.91,60.0,431,36.0,time,48.54,35.27
zone6,330,4618.811000000001,3,46128.11,60.0,538,72.0,night,18.54,57.06
zone6,309,25830.381,2,258263.81,60.0,437,108.0,umar,-18.54,57.06
zone6,286,6153.330000000001,2,61493.30,60.0,829,144.0,abdullah,-48.54,35.27
zone6,272,3643.6730000000007,3,36376.73,60.0,634,180.0,father,-60.0,0.0
zone6,291,11.455,2,74.55,60.0,333,216.0,vers,-48.54,-35.27
zone6,325,4938.360000000001,2,49343.60,60.0,622,252.0,medina,-18.54,-57.06
zone6,269,2436.206,2,24322.06,60.0,1789,288.0,narrated_ibn_umar,18.54,-57.06
zone6,283,22168.003,2,221640.03,60.0,416,324.0,bakr,48.54,-35.27
zone7,240,5612.51,2,56085.10,70.0,505,0.0,mecca,70.0,0.0
zone7,227,2647.201,2,26432.01,70.0,565,22.5,mosqu,64.67,26.79
zone7,215,11954.035000000002,2,119500.35,70.0,433,45.0,lord,49.5,49.5
zone7,238,3978.592,2,39745.92,70.0,551,67.5,quran,26.79,64.67
zone7,202,3263.9130000000005,3,32579.13,70.0,417,90.0,said,0.0,70.0
zone7,242,5412.692,3,54066.92,70.0,964,112.5,companion,-26.79,64.67
zone7,214,2273.2540000000004,2,22692.54,70.0,538,135.0,thing,-49.5,49.5
zone7,220,4105.573,2,41015.73,70.0,842,157.5,muhammad,-64.67,26.79
zone7,225,3236.039,2,32320.39,70.0,1769,180.0,abdullah_bin_umar,-70.0,0.0
zone7,236,3424.7720000000004,3,34187.72,70.0,517,202.5,place,-64.67,-26.79
zone7,205,2330.394,2,23263.94,70.0,626,225.0,hadith,-49.5,-49.5
zone7,267,6.0,3,0.00,70.0,332,247.5,hous,-26.79,-64.67
zone7,234,4.0,2,0.00,70.0,625,270.0,paradis,0.0,-70.0
zone7,224,2114.9230000000002,2,21109.23,70.0,320,292.5,men,26.79,-64.67
zone7,267,5656.452,4,56484.52,70.0,547,315.0,water,49.5,-49.5
zone7,248,3403.574,2,33995.74,70.0,427,337.5,wife,64.67,-26.79
zone8,149,2616.313,1,26143.13,80.0,531,0.0,rakat,80.0,0.0
zone8,141,1558.43,2,15544.30,80.0,402,12.0,deed,78.25,16.63
zone8,177,1949.119,2,19451.19,80.0,546,24.0,woman,73.08,32.54
zone8,149,2000.414,2,19964.14,80.0,631,36.0,believ,64.72,47.02
zone8,149,1503.957,2,14999.57,80.0,540,48.0,order,53.53,59.45
zone8,168,2012.8080000000002,2,20088.08,80.0,437,60.0,till,40.0,69.28
zone8,153,1082.108,2,10781.08,80.0,439,72.0,part,24.72,76.08
zone8,143,2441.5750000000003,1,24395.75,80.0,410,84.0,bani,8.36,79.56
zone8,144,4904.375,2,49003.75,80.0,885,96.0,properti,-8.36,79.56
zone8,165,1832.718,2,18287.18,80.0,535,108.0,battl,-24.72,76.08
zone8,144,3055.1830000000004,2,30511.83,80.0,318,120.0,him,-40.0,69.28
zone8,135,1562.266,2,15582.66,80.0,643,132.0,period,-53.53,59.45
zone8,178,2980.364,2,29763.64,80.0,1852,144.0,jabir_bin_abdullah,-64.72,47.02
zone8,140,1050.54,1,10485.40,80.0,221,156.0,no,-73.08,32.54
zone8,171,2723.357,2,27193.57,80.0,534,168.0,islam,-78.25,16.63
zone8,150,2377.8630000000003,2,23738.63,80.0,550,180.0,women,-80.0,0.0
zone8,189,2504.376,2,25003.76,80.0,402,192.0,head,-78.25,-16.63
zone8,141,1420.5600000000002,2,14165.60,80.0,432,204.0,none,-73.08,-32.54
zone8,179,3432.847,2,34288.47,80.0,336,216.0,son,-64.72,-47.02
zone8,166,1871.112,2,18671.12,80.0,991,228.0,resurrect,-53.53,-59.45
zone8,171,4046.5650000000005,2,40425.65,80.0,422,240.0,fire,-40.0,-69.28
zone8,172,4926.464,2,49224.64,80.0,226,252.0,um,-24.72,-76.08
zone8,173,1970.286,2,19662.86,80.0,539,264.0,slave,-8.36,-79.56
zone8,158,9496.541000000001,3,94905.41,80.0,514,276.0,camel,8.36,-79.56
zone8,176,1821.652,2,18176.52,80.0,656,288.0,someth,24.72,-76.08
zone8,145,6786.557000000001,1,67845.57,80.0,310,300.0,ali,40.0,-69.28
zone8,172,4179.758000000001,2,41757.58,80.0,399,312.0,kaba,53.53,-59.45
zone8,154,4012.074,1,40100.74,80.0,413,324.0,hajj,64.72,-47.02
zone8,135,1603.842,2,15998.42,80.0,414,336.0,date,73.08,-32.54
zone8,144,1664.1390000000001,2,16601.39,80.0,518,348.0,death,78.25,-16.63
zone9,68,940.414,1,9384.14,90.0,553,0.0,stone,90.0,0.0
zone9,86,797.548,1,7955.48,90.0,532,3.46,earth,89.84,5.43
zone9,109,2179.225,1,21772.25,90.0,520,6.92,jabir,89.34,10.85
zone9,83,1126.523,1,11245.23,90.0,1975,10.38,umar_bin_al_khattab,88.53,16.22
zone9,110,993.9190000000001,2,9899.19,90.0,645,13.85,reward,87.38,21.54
zone9,113,2289.2630000000004,2,22852.63,90.0,655,17.31,mother,85.92,26.78
zone9,73,917.288,1,9152.88,90.0,538,20.77,divin,84.15,31.91
zone9,94,4168.273,2,41642.73,90.0,519,24.23,angel,82.07,36.94
zone9,73,1250.3220000000001,1,12483.22,90.0,424,27.69,food,79.69,41.83
zone9,79,810.734,1,8087.34,90.0,893,31.15,_ibn_abba,77.02,46.56
zone9,75,1078.383,1,10763.83,90.0,981,34.62,statement,74.07,51.13
zone9,76,17185.632,1,171836.32,90.0,726,38.08,gabriel,70.85,55.5
zone9,116,1639.0720000000001,2,16350.72,90.0,550,41.54,month,67.37,59.68
zone9,87,1339.8270000000002,1,13378.27,90.0,724,45.0,ramadan,63.64,63.64
zone9,69,2242.474,1,22404.74,90.0,662,48.46,sufyan,59.68,67.37
zone9,94,1691.28,1,16892.80,90.0,626,51.92,famili,55.5,70.85
zone9,123,1257.7200000000003,1,12557.20,90.0,326,55.38,asr,51.13,74.07
zone9,116,1532.796,2,15287.96,90.0,534,58.85,tribe,46.56,77.02
zone9,82,1200.508,1,11985.08,90.0,446,62.31,hour,41.83,79.69
zone9,89,1561.036,2,15570.36,90.0,330,65.77,sin,36.94,82.07
zone9,123,1179.986,1,11779.86,90.0,549,69.23,anyon,31.91,84.15
zone9,74,639.105,1,6371.05,90.0,415,72.69,bath,26.78,85.92
zone9,119,1208.2549999999999,1,12062.55,90.0,850,76.15,somebodi,21.54,87.38
zone9,118,1440.464,2,14364.64,90.0,542,79.62,right,16.22,88.53
zone9,78,1299.047,1,12970.47,90.0,620,83.08,qatada,10.85,89.34
zone9,97,811.974,1,8099.74,90.0,553,86.54,front,5.43,89.84
zone9,71,788.7640000000001,2,7847.64,90.0,895,90.0,prostrat,0.0,90.0
zone9,70,747.6850000000001,1,7456.85,90.0,457,93.46,zuhr,-5.43,89.84
zone9,70,1010.265,1,10082.65,90.0,508,96.92,adhan,-10.85,89.34
zone9,134,4740.778,1,47387.78,90.0,421,100.38,hell,-16.22,88.53
zone9,83,961.905,1,9599.05,90.0,342,103.85,sun,-21.54,87.38
zone9,78,737.498,1,7354.98,90.0,670,107.31,pulpit,-26.78,85.92
zone9,106,1392.7060000000001,1,13907.06,90.0,548,110.77,anyth,-31.91,84.15
zone9,82,811.665,1,8096.65,90.0,419,114.23,fajr,-36.94,82.07
zone9,114,1026.234,2,10222.34,90.0,322,117.69,one,-41.83,79.69
zone9,69,928.9700000000001,1,9269.70,90.0,421,121.15,isha,-46.56,77.02
zone9,96,745.0250000000001,1,7430.25,90.0,538,124.62,cloth,-51.13,74.07
zone9,114,1566.5590000000002,1,15645.59,90.0,327,128.08,may,-55.5,70.85
zone9,130,2911.385,1,29093.85,90.0,438,131.54,musa,-59.68,67.37
zone9,119,3032.166,1,30301.66,90.0,326,135.0,jew,-63.64,63.64
zone9,112,1167.1950000000002,1,11651.95,90.0,444,138.46,morn,-67.37,59.68
zone9,111,2308.837,1,23068.37,90.0,623,141.92,salama,-70.85,55.5
zone9,97,1371.7350000000001,2,13677.35,90.0,417,145.38,name,-74.07,51.13
zone9,130,1839.5860000000002,2,18355.86,90.0,433,148.85,year,-77.02,46.56
zone9,88,1356.7820000000002,1,13547.82,90.0,437,152.31,dont,-79.69,41.83
zone9,79,1331.7610000000002,1,13297.61,90.0,414,155.77,nafi,-82.07,36.94
zone9,70,1187.9040000000002,1,11859.04,90.0,415,159.23,meal,-84.15,31.91
zone9,80,1393.513,1,13915.13,90.0,1239,162.69,sahl_bin_sad,-85.92,26.78
zone9,107,927.3770000000001,1,9253.77,90.0,648,166.15,narrat,-87.38,21.54
zone9,91,1068.713,1,10667.13,90.0,940,169.62,_ibn_umar,-88.53,16.22
zone9,94,1140.101,1,11381.01,90.0,211,173.08,do,-89.34,10.85
zone9,79,564.7760000000001,1,5627.76,90.0,422,176.54,kind,-89.84,5.43
zone9,72,582.089,1,5800.89,90.0,750,180.0,garment,-90.0,0.0
zone9,107,1232.181,2,12281.81,90.0,337,183.46,way,-89.84,-5.43
zone9,131,1744.6860000000001,1,17426.86,90.0,947,186.92,al_khudri,-89.34,-10.85
zone9,78,776.294,1,7742.94,90.0,743,190.38,compani,-88.53,-16.22
zone9,122,1071.316,2,10673.16,90.0,536,193.85,ablut,-87.38,-21.54
zone9,109,1018.2940000000001,2,10142.94,90.0,546,197.31,other,-85.92,-26.78
zone9,78,998.0190000000001,1,9960.19,90.0,535,200.77,satan,-84.15,-31.91
zone9,93,1458.142,2,14541.42,90.0,533,204.23,sheep,-82.07,-36.94
zone9,114,2.0,1,0.00,90.0,313,207.69,caus,-79.69,-41.83
zone9,81,2969.639,1,29676.39,90.0,522,211.15,talha,-77.02,-46.56
zone9,100,960.0620000000001,1,9580.62,90.0,780,214.62,journey,-74.07,-51.13
zone9,134,1243.161,2,12391.61,90.0,399,218.08,face,-70.85,-55.5
zone9,92,1732.1419999999998,1,17301.42,90.0,421,221.54,side,-67.37,-59.68
zone9,69,735.986,1,7339.86,90.0,205,225.0,al,-63.64,-63.64
zone9,77,1083.066,1,10810.66,90.0,423,228.46,meat,-59.68,-67.37
zone9,70,1172.415,1,11704.15,90.0,427,231.92,book,-55.5,-70.85
zone9,75,2802.347,1,28003.47,90.0,653,235.38,uthman,-51.13,-74.07
zone9,105,1512.7830000000001,1,15107.83,90.0,305,238.85,did,-46.56,-77.02
zone9,82,1622.946,1,16209.46,90.0,771,242.31,permiss,-41.83,-79.69
zone9,109,3289.4610000000002,2,32854.61,90.0,443,245.77,wive,-36.94,-82.07
zone9,133,2577.3320000000003,1,25753.32,90.0,533,249.23,ansar,-31.91,-84.15
zone9,84,758.1590000000001,1,7561.59,90.0,417,252.69,piec,-26.78,-85.92
zone9,83,4.0,2,0.00,90.0,329,256.15,hors,-21.54,-87.38
zone9,88,572.7470000000001,1,5707.47,90.0,414,259.62,bodi,-16.22,-88.53
zone9,78,1189.8690000000001,1,11878.69,90.0,706,263.08,al_bara,-10.85,-89.34
zone9,69,500.134,1,4981.34,90.0,552,266.54,world,-5.43,-89.84
zone9,124,1363.14,1,13611.40,90.0,429,270.0,bint,0.0,-90.0
zone9,72,2207.0,1,22050.00,90.0,312,273.46,sad,5.43,-89.84
zone9,75,568.683,1,5666.83,90.0,441,276.92,noth,10.85,-89.34
zone9,104,917.692,2,9136.92,90.0,420,280.38,hair,16.22,-88.53
zone9,72,1185.1370000000002,2,11811.37,90.0,432,283.85,tree,21.54,-87.38
zone9,74,947.939,1,9459.39,90.0,552,287.31,money,26.78,-85.92
zone9,99,3326.488,1,33244.88,90.0,437,290.77,umra,31.91,-84.15
zone9,99,1026.7069999999999,2,10227.07,90.0,740,294.23,chariti,36.94,-82.07
zone9,102,1477.736,2,14737.36,90.0,758,297.69,brother,41.83,-79.69
zone9,95,1460.246,1,14582.46,90.0,409,301.15,badr,46.56,-77.02
zone9,75,1229.722,1,12277.22,90.0,557,304.62,group,51.13,-74.07
zone9,91,1908.8380000000002,2,19048.38,90.0,521,308.08,dream,55.5,-70.85
zone9,94,1796.8270000000002,2,17928.27,90.0,741,311.54,husband,59.68,-67.37
zone9,80,986.46,3,9804.60,90.0,430,315.0,fast,63.64,-63.64
zone9,93,1429.964,1,14279.64,90.0,438,318.46,uhud,67.37,-59.68
zone9,80,839.5459999999999,1,8375.46,90.0,421,321.92,anim,70.85,-55.5
zone9,99,3073.621,1,30716.21,90.0,529,325.38,ihram,74.07,-51.13
zone9,84,1116.478,2,11124.78,90.0,415,328.85,land,77.02,-46.56
zone9,75,799.6930000000001,2,7956.93,90.0,536,332.31,drink,79.69,-41.83
zone9,102,1582.1480000000001,2,15781.48,90.0,852,335.77,daughter,82.07,-36.94
zone9,69,936.868,1,9348.68,90.0,545,339.23,state,84.15,-31.91
zone9,93,2332.1110000000003,1,23301.11,90.0,531,342.69,tawaf,85.92,-26.78
zone9,72,923.9350000000001,1,9219.35,90.0,430,346.15,girl,87.38,-21.54
zone9,92,1511.7930000000001,2,15077.93,90.0,410,349.62,ladi,88.53,-16.22
zone9,90,1739.0770000000002,2,17350.77,90.0,428,353.08,oath,89.34,-10.85
zone9,69,550.067,1,5480.67,90.0,190,356.54,__,89.84,-5.43
zone10,62,1653.8150000000003,1,16518.15,100.0,539,0.0,zakat,100.0,0.0
zone10,61,7283.37,1,72813.70,100.0,631,18.95,heaven,94.58,32.47
zone10,67,1230.617,1,12286.17,100.0,841,37.89,children,78.91,61.42
zone10,65,1390.223,1,13882.23,100.0,516,56.84,bilal,54.69,83.72
zone10,66,1406.268,1,14042.68,100.0,722,75.79,khaibar,24.55,96.94
zone10,67,664.287,1,6622.87,100.0,528,94.74,merci,-8.26,99.66
zone10,62,566.527,1,5645.27,100.0,428,113.68,holi,-40.17,91.58
zone10,62,726.796,1,7247.96,100.0,938,132.63,al_ansari,-67.73,73.57
zone10,61,3095.33,1,30933.30,100.0,716,151.58,abraham,-87.95,47.59
zone10,63,1125.5600000000002,1,11235.60,100.0,205,170.53,id,-98.64,16.46
zone10,66,585.787,1,5837.87,100.0,433,189.47,sign,-98.64,-16.46
zone10,67,987.0260000000001,1,9850.26,100.0,875,208.42,mountain,-87.95,-47.59
zone10,63,1138.403,1,11364.03,100.0,638,227.37,ansari,-67.73,-73.57
zone10,63,887.7,1,8857.00,100.0,659,246.32,follow,-40.17,-91.58
zone10,61,17807.971,1,178059.71,100.0,436,265.26,mose,-8.26,-99.66
zone10,61,1159.3100000000002,2,11553.10,100.0,330,284.21,boy,24.55,-96.94
zone10,65,2.0,1,0.00,100.0,987,303.16,intercours,54.69,-83.72
zone10,62,492.64200000000005,1,4906.42,100.0,323,322.11,eye,78.91,-61.42
zone10,63,994.7270000000001,1,9927.27,100.0,519,341.05,pagan,94.58,-32.47
zone11,56,1382.4430000000002,1,13804.43,110.0,622,0.0,allegi,110.0,0.0
zone11,57,1318.9250000000002,1,13169.25,110.0,826,11.25,hudhaifa,107.89,21.46
zone11,60,503.937,1,5019.37,110.0,412,22.5,call,101.63,42.1
zone11,55,650.57,1,6485.70,110.0,730,33.75,maghrib,91.46,61.11
zone11,60,1241.8670000000002,1,12398.67,110.0,742,45.0,bedouin,77.78,77.78
zone11,55,437.52,1,4355.20,110.0,417,56.25,mean,61.11,91.46
zone11,59,429.187,1,4271.87,110.0,444,67.5,word,42.1,101.63
zone11,55,433.657,1,4316.57,110.0,649,78.75,number,21.46,107.89
zone11,57,757.582,1,7555.82,110.0,433,90.0,voic,0.0,110.0
zone11,60,1449.7910000000002,2,14457.91,110.0,216,101.25,wa,-21.46,107.89
zone11,58,738.849,1,7368.49,110.0,534,112.5,salim,-42.1,101.63
zone11,55,972.0709999999999,1,9700.71,110.0,1870,123.75,abdullah_bin_masud,-61.11,91.46
zone11,58,857.797,1,8557.97,110.0,857,135.0,religion,-77.78,77.78
zone11,57,703.941,1,7019.41,110.0,637,146.25,takbir,-91.46,61.11
zone11,56,608.4970000000001,2,6044.97,110.0,535,157.5,recit,-101.63,42.1
zone11,55,1449.6970000000001,2,14456.97,110.0,516,168.75,child,-107.89,21.46
zone11,54,568.188,1,5661.88,110.0,768,180.0,whoever,-110.0,0.0
zone11,57,663.5210000000001,1,6615.21,110.0,533,191.25,grave,-107.89,-21.46
zone11,58,1516.4350000000002,1,15144.35,110.0,639,202.5,friday,-101.63,-42.1
zone11,59,401.86300000000006,1,3998.63,110.0,860,213.75,sub_narr,-91.46,-61.11
zone11,60,455.128,1,4531.28,110.0,416,225.0,life,-77.78,-77.78
zone11,57,532.875,1,5308.75,110.0,531,236.25,share,-61.11,-91.46
zone11,60,728.515,1,7265.15,110.0,735,247.5,hereaft,-42.1,-101.63
zone11,56,1403.763,1,14017.63,110.0,406,258.75,hadi,-21.46,-107.89
zone11,59,2.0,1,0.00,110.0,632,270.0,sacrific,0.0,-110.0
zone11,56,1092.66,1,10906.60,110.0,429,281.25,milk,21.46,-107.89
zone11,59,1153.705,1,11517.05,110.0,626,292.5,fatima,42.1,-101.63
zone11,57,392.5,1,3905.00,110.0,531,303.75,price,61.11,-91.46
zone11,54,733.176,1,7311.76,110.0,663,315.0,punish,77.78,-77.78
zone11,57,970.267,1,9682.67,110.0,625,326.25,garden,91.46,-61.11
zone11,55,491.411,1,4894.11,110.0,422,337.5,gold,101.63,-42.1
zone11,57,715.8020000000001,1,7138.02,110.0,340,348.75,wit,107.89,-21.46
zone12,52,1669.1450000000002,1,16671.45,120.0,524,0.0,pledg,120.0,0.0
zone12,53,556.342,1,5543.42,120.0,444,9.23,pray,118.45,19.25
zone12,49,1482.9620000000002,1,14809.62,120.0,532,18.46,emigr,113.82,38.0
zone12,48,352.12,1,3501.20,120.0,425,27.69,home,106.25,55.77
zone12,51,542.008,1,5400.08,120.0,420,36.92,feet,95.93,72.09
zone12,53,531.984,1,5299.84,120.0,521,46.15,qibla,83.13,86.54
zone12,51,494.07,1,4920.70,120.0,657,55.38,someon,68.17,98.76
zone12,50,682.6800000000001,1,6806.80,120.0,415,64.62,raka,51.44,108.41
zone12,48,649.191,1,6471.91,120.0,463,73.85,your,33.39,115.26
zone12,51,4253.4980000000005,1,42514.98,120.0,447,83.08,urwa,14.46,119.13
zone12,52,482.26400000000007,1,4802.64,120.0,537,92.31,sheet,-4.83,119.9
zone12,50,654.707,1,6527.07,120.0,300,101.54,abi,-24.0,117.57
zone12,51,502.169,1,5001.69,120.0,660,110.77,sermon,-42.55,112.2
zone12,51,2902.9150000000004,1,29009.15,120.0,515,120.0,hafsa,-60.0,103.92
zone12,48,287.795,1,2857.95,120.0,301,129.23,age,-75.89,92.95
zone12,52,903.5830000000001,1,9015.83,120.0,537,138.46,bless,-89.82,79.57
zone12,51,296.863,1,2948.63,120.0,542,147.69,doubt,-101.42,64.14
zone12,53,370.67,1,3686.70,120.0,870,156.92,shoulder,-110.4,47.04
zone12,52,464.916,1,4629.16,120.0,401,166.15,back,-116.51,28.72
zone12,50,1045.508,1,10435.08,120.0,445,175.38,news,-119.61,9.66
zone12,51,766.223,1,7642.23,120.0,443,184.62,sura,-119.61,-9.66
zone12,48,687.348,1,6853.48,120.0,418,193.85,asma,-116.51,-28.72
zone12,50,351.8,1,3498.00,120.0,746,203.08,lifetim,-110.4,-47.04
zone12,53,434.19399999999996,1,4321.94,120.0,532,212.31,shall,-101.42,-64.14
zone12,50,1915.0110000000002,1,19130.11,120.0,415,221.54,debt,-89.82,-79.57
zone12,51,383.01500000000004,1,3810.15,120.0,557,230.77,mouth,-75.89,-92.95
zone12,49,605.893,1,6038.93,120.0,421,240.0,mina,-60.0,-103.92
zone12,50,824.9270000000001,1,8229.27,120.0,1652,249.23,abdullah_bin_amr,-42.55,-112.2
zone12,50,912.832,1,9108.32,120.0,532,258.46,heart,-24.0,-117.57
zone12,49,295.902,1,2939.02,120.0,528,267.69,blood,-4.83,-119.9
zone12,48,716.611,1,7146.11,120.0,526,276.92,enemi,14.46,-119.13
zone12,49,455.478,1,4534.78,120.0,543,286.15,ignor,33.39,-115.26
zone12,52,526.895,1,5248.95,120.0,412,295.38,case,51.44,-108.41
zone12,48,478.9390000000001,1,4769.39,120.0,645,304.62,wealth,68.17,-98.76
zone12,49,798.9430000000001,1,7969.43,120.0,652,313.85,master,83.13,-86.54
zone12,49,450.11800000000005,1,4481.18,120.0,536,323.08,relat,95.93,-72.09
zone12,52,853.6590000000001,1,8516.59,120.0,425,332.31,sham,106.25,-55.77
zone12,52,1745.982,1,17439.82,120.0,403,341.54,adam,113.82,-38.0
zone12,53,632.633,1,6306.33,120.0,739,350.77,marriag,118.45,-19.25
zone13,42,605.582,1,6035.82,130.0,661,0.0,inspir,130.0,0.0
zone13,44,1291.388,1,12893.88,130.0,314,9.47,lie,128.23,21.4
zone13,47,1049.9370000000001,1,10479.37,130.0,729,18.95,afflict,122.96,42.21
zone13,43,369.20000000000005,1,3672.00,130.0,314,28.42,dog,114.33,61.87
zone13,41,409.083,1,4070.83,130.0,441,37.89,moon,102.59,79.85
zone13,47,2.0,1,0.00,130.0,428,47.37,prais,88.05,95.64
zone13,47,471.8140000000001,1,4698.14,130.0,649,56.84,nation,71.1,108.83
zone13,41,491.344,1,4893.44,130.0,647,66.32,exampl,52.22,119.05
zone13,41,465.13300000000004,1,4631.33,130.0,555,75.79,arrow,31.91,126.02
zone13,42,482.3140000000001,1,4803.14,130.0,328,85.26,bow,10.74,129.56
zone13,44,389.235,1,3872.35,130.0,635,94.74,nobodi,-10.74,129.56
zone13,42,548.058,1,5460.58,130.0,343,104.21,sky,-31.91,126.02
zone13,41,411.637,1,4096.37,130.0,230,113.68,my,-52.22,119.05
zone13,45,489.286,1,4872.86,130.0,521,123.16,iqama,-71.1,108.83
zone13,45,465.10400000000004,1,4631.04,130.0,635,132.63,finger,-88.05,95.64
zone13,44,646.8600000000001,1,6448.60,130.0,653,142.11,matter,-102.59,79.85
zone13,43,349.69800000000004,1,3476.98,130.0,550,151.58,whose,-114.33,61.87
zone13,47,539.1170000000001,1,5371.17,130.0,420,161.05,imam,-122.96,42.21
zone13,47,382.079,1,3800.79,130.0,657,170.53,toward,-128.23,21.4
zone13,47,1196.5040000000001,1,11945.04,130.0,524,180.0,talib,-130.0,0.0
zone13,45,935.191,1,9331.91,130.0,511,189.47,chief,-128.23,-21.4
zone13,46,684.671,1,6826.71,130.0,744,198.95,maimuna,-122.96,-42.21
zone13,46,705.407,1,7034.07,130.0,559,208.42,surat,-114.33,-61.87
zone13,41,278.733,1,2767.33,130.0,432,217.89,wall,-102.59,-79.85
zone13,42,674.419,1,6724.19,130.0,1631,227.37,al_bara_bin_azib,-88.05,-95.64
zone13,46,544.9630000000001,1,5429.63,130.0,522,236.84,cloak,-71.1,-108.83
zone13,45,1977.536,1,19755.36,130.0,859,246.32,knowledg,-52.22,-119.05
zone13,43,511.3,1,5093.00,130.0,334,255.79,who,-31.91,-126.02
zone13,42,1072.641,1,10706.41,130.0,567,265.26,truth,-10.74,-129.56
zone13,47,521.103,1,5191.03,130.0,330,274.74,war,10.74,-129.56
zone13,46,1214.3190000000002,1,12123.19,130.0,1252,284.21,abdur_rahman,31.91,-126.02
zone13,41,331.48400000000004,1,3294.84,130.0,299,293.68,bed,52.22,-119.05
zone13,47,793.0550000000001,1,7910.55,130.0,212,303.16,sa,71.1,-108.83
zone13,46,1004.1010000000001,1,10021.01,130.0,629,312.63,zainab,88.05,-95.64
zone13,41,549.3290000000001,1,5473.29,130.0,541,322.11,booti,102.59,-79.85
zone13,42,4247.556,1,42455.56,130.0,417,331.58,gate,114.33,-61.87
zone13,41,250.958,1,2489.58,130.0,554,341.05,ruler,122.96,-42.21
zone13,47,287.56,1,2855.60,130.0,314,350.53,eat,128.23,-21.4
zone14,36,829.998,1,8279.98,140.0,888,0.0,question,140.0,0.0
zone14,40,936.9450000000002,1,9349.45,140.0,742,6.79,anybodi,139.02,16.56
zone14,40,623.8050000000001,1,6218.05,140.0,538,13.58,masud,136.08,32.88
zone14,35,503.57700000000006,1,5015.77,140.0,520,20.38,abdul,131.24,48.75
zone14,37,409.697,1,4076.97,140.0,436,27.17,door,124.55,63.93
zone14,35,316.288,1,3142.88,140.0,1101,33.96,compulsori,116.12,78.21
zone14,37,534.066,1,5320.66,140.0,512,40.75,jihad,106.05,91.4
zone14,37,291.579,1,2895.79,140.0,440,47.55,foot,94.5,103.3
zone14,37,558.589,1,5565.89,140.0,666,54.34,sister,81.62,113.75
zone14,36,515.994,1,5139.94,140.0,1632,61.13,abdullah_bin_abi,67.59,122.6
zone14,40,532.712,1,5307.12,140.0,344,67.92,row,52.62,129.74
zone14,36,278.0,1,2760.00,140.0,742,74.72,practic,36.9,135.05
zone14,40,535.148,1,5331.48,140.0,946,81.51,allahumma,20.67,138.47
zone14,36,337.347,1,3353.47,140.0,639,88.3,thrice,4.15,139.94
zone14,34,360.90000000000003,1,3589.00,140.0,761,95.09,amongst,-12.43,139.45
zone14,35,306.231,1,3042.31,140.0,644,101.89,market,-28.84,137.0
zone14,35,513.344,1,5113.44,140.0,780,108.68,worship,-44.84,132.63
zone14,40,514.9350000000001,1,5129.35,140.0,312,115.47,leg,-60.21,126.39
zone14,36,417.211,1,4152.11,140.0,321,122.26,ill,-74.74,118.38
zone14,40,366.96700000000004,1,3649.67,140.0,949,129.06,so_and_so,-88.21,108.71
zone14,40,361.099,1,3590.99,140.0,524,135.85,faith,-100.45,97.52
zone14,39,573.124,1,5711.24,140.0,1722,142.64,abdullah_bin_abba,-111.28,84.95
zone14,35,260.135,1,2581.35,140.0,779,149.43,portion,-120.55,71.19
zone14,37,567.217,1,5652.17,140.0,513,156.23,bakra,-128.12,56.44
zone14,35,290.139,1,2881.39,140.0,417,163.02,neck,-133.9,40.89
zone14,35,352.443,1,3504.43,140.0,199,169.81,be,-137.79,24.76
zone14,40,652.687,1,6506.87,140.0,537,176.6,refug,-139.75,8.29
zone14,36,676.5390000000001,1,6745.39,140.0,701,183.4,ad_dajj,-139.75,-8.29
zone14,36,818.1170000000001,1,8161.17,140.0,421,190.19,wala,-137.79,-24.76
zone14,34,175.454,1,1734.54,140.0,639,196.98,barley,-133.9,-40.89
zone14,35,589.217,1,5872.17,140.0,623,203.77,arafat,-128.12,-56.44
zone14,37,500.63800000000003,1,4986.38,140.0,767,210.57,process,-120.55,-71.19
zone14,36,675.6060000000001,1,6736.06,140.0,563,217.36,mount,-111.28,-84.95
zone14,34,1565.544,1,15635.44,140.0,967,224.15,az_zubair,-100.45,-97.52
zone14,38,486.39300000000003,1,4843.93,140.0,882,230.94,conquest,-88.21,-108.71
zone14,34,430.224,1,4282.24,140.0,1557,237.74,said_bin_jubair,-74.74,-118.38
zone14,37,681.3850000000001,1,6793.85,140.0,436,244.53,well,-60.21,-126.39
zone14,35,357.043,1,3550.43,140.0,555,251.32,owner,-44.84,-132.63
zone14,39,660.134,1,6581.34,140.0,434,258.11,uncl,-28.84,-137.0
zone14,38,486.46400000000006,1,4844.64,140.0,1462,264.91,usama_bin_zaid,-12.43,-139.45
zone14,36,211.12900000000002,1,2091.29,140.0,431,271.7,shoe,4.15,-139.94
zone14,35,371.60100000000006,1,3696.01,140.0,339,278.49,pot,20.67,-138.47
zone14,40,743.4770000000001,1,7414.77,140.0,424,285.28,sahl,36.9,-135.05
zone14,35,521.4399999999999,1,5194.40,140.0,929,292.08,she_camel,52.62,-129.74
zone14,34,483.73199999999997,1,4817.32,140.0,625,298.87,caliph,67.59,-122.6
zone14,37,245.03000000000003,1,2430.30,140.0,661,305.66,silver,81.62,-113.75
zone14,34,519.677,1,5176.77,140.0,629,312.45,dirham,94.5,-103.3
zone14,38,465.583,1,4635.83,140.0,554,319.25,fruit,106.05,-91.4
zone14,38,541.513,1,5395.13,140.0,426,326.04,gift,116.12,-78.21
zone14,34,475.157,1,4731.57,140.0,413,332.83,aufa,124.55,-63.93
zone14,35,472.75500000000005,1,4707.55,140.0,456,339.62,town,131.24,-48.75
zone14,37,353.00500000000005,1,3510.05,140.0,753,346.42,verdict,136.08,-32.88
zone14,36,557.2270000000001,1,5552.27,140.0,642,353.21,ghazwa,139.02,-16.56
zone15,32,552.348,1,5503.48,150.0,639,0.0,khutba,150.0,0.0
zone15,32,311.03700000000003,1,3090.37,150.0,658,4.44,intent,149.55,11.62
zone15,30,316.761,1,3147.61,150.0,315,8.89,qai,148.2,23.18
zone15,33,344.47,1,3424.70,150.0,425,13.33,good,145.96,34.59
zone15,30,380.664,1,3786.64,150.0,876,17.78,az_zuhri,142.84,45.8
zone15,30,225.90100000000004,1,2239.01,150.0,655,22.22,ground,138.86,56.73
zone15,32,301.40000000000003,1,2994.00,150.0,837,26.67,hell_fir,134.04,67.32
zone15,31,1615.2250000000001,1,16132.25,150.0,415,31.11,dhar,128.43,77.5
zone15,33,360.10300000000007,1,3581.03,150.0,538,35.56,aiyub,122.03,87.22
zone15,27,315.391,1,3133.91,150.0,537,40.0,sleep,114.91,96.42
zone15,33,216.24,1,2142.40,150.0,412,44.44,need,107.09,105.03
zone15,30,170.37400000000002,1,1683.74,150.0,446,48.89,rest,98.63,113.02
zone15,30,190.68900000000002,1,1886.89,150.0,522,53.33,middl,89.57,120.32
zone15,30,384.27500000000003,1,3822.75,150.0,1563,57.78,zaid_bin_thabit,79.98,126.9
zone15,32,573.2090000000001,1,5712.09,150.0,634,62.22,hisham,69.91,132.71
zone15,31,241.624,1,2396.24,150.0,421,66.67,sale,59.41,137.73
zone15,32,690.9350000000001,1,6889.35,150.0,765,71.11,muawiya,48.56,141.92
zone15,32,460.213,1,4582.13,150.0,765,75.56,quraish,37.42,145.26
zone15,27,615.8340000000001,1,6138.34,150.0,823,80.0,al_hasan,26.05,147.72
zone15,31,372.099,1,3700.99,150.0,650,84.44,taslim,14.52,149.3
zone15,27,371.90000000000003,1,3699.00,150.0,632,88.89,humaid,2.91,149.97
zone15,27,260.687,1,2586.87,150.0,549,93.33,sunna,-8.72,149.75
zone15,32,575.148,1,5731.48,150.0,214,97.78,go,-20.3,148.62
zone15,29,554.302,1,5523.02,150.0,432,102.22,ring,-31.76,146.6
zone15,31,504.27,1,5022.70,150.0,312,106.67,are,-43.02,143.7
zone15,29,2.0,1,0.00,150.0,518,111.11,diseas,-54.03,139.93
zone15,28,479.599,1,4775.99,150.0,425,115.56,help,-64.71,135.33
zone15,27,162.82500000000002,1,1608.25,150.0,333,120.0,use,-75.0,129.9
zone15,33,314.92,1,3129.20,150.0,333,124.44,say,-84.84,123.7
zone15,29,409.96900000000005,1,4079.69,150.0,650,128.89,donkey,-94.17,116.75
zone15,29,265.411,1,2634.11,150.0,440,133.33,aunt,-102.94,109.11
zone15,32,450.145,1,4481.45,150.0,320,137.78,amr,-111.08,100.8
zone15,27,1008.542,1,10065.42,150.0,527,142.22,muadh,-118.56,91.89
zone15,27,166.22000000000003,1,1642.20,150.0,641,146.67,manner,-125.32,82.43
zone15,27,2.0,1,0.00,150.0,525,151.11,eclips,-131.33,72.47
zone15,32,479.98100000000005,1,4779.81,150.0,545,155.56,today,-136.55,62.07
zone15,29,211.26,1,2092.60,150.0,428,160.0,talk,-140.95,51.3
zone15,27,189.366,1,1873.66,150.0,635,164.44,direct,-144.51,40.23
zone15,31,211.05100000000004,1,2090.51,150.0,652,168.89,latter,-147.19,28.91
zone15,27,3539.888,1,35378.88,150.0,535,173.33,greet,-148.99,17.41
zone15,27,420.355,1,4183.55,150.0,429,177.78,wail,-149.89,5.82
zone15,31,219.19000000000003,1,2171.90,150.0,648,182.22,tradit,-149.89,-5.82
zone15,30,604.783,1,6027.83,150.0,424,186.67,zaid,-148.99,-17.41
zone15,32,638.3760000000001,1,6363.76,150.0,632,191.11,itikaf,-147.19,-28.91
zone15,33,2026.664,1,20246.64,150.0,656,195.56,letter,-144.51,-40.23
zone15,33,369.785,1,3677.85,150.0,437,200.0,skin,-140.95,-51.3
zone15,33,432.4770000000001,1,4304.77,150.0,740,204.44,mulaika,-136.55,-62.07
zone15,28,363.464,1,3614.64,150.0,420,208.89,sake,-131.33,-72.47
zone15,27,308.985,1,3069.85,150.0,559,213.33,sword,-125.32,-82.43
zone15,27,354.37800000000004,1,3523.78,150.0,1115,217.78,sad_bin_abi,-118.56,-91.89
zone15,32,521.8100000000001,1,5198.10,150.0,539,222.22,waqqa,-111.08,-100.8
zone15,27,175.19400000000002,1,1731.94,150.0,905,226.67,yourselv,-102.94,-109.11
zone15,29,233.139,1,2311.39,150.0,424,231.11,harm,-94.17,-116.75
zone15,27,824.448,1,8224.48,150.0,635,235.56,gather,-84.84,-123.7
zone15,31,434.44399999999996,1,4324.44,150.0,425,240.0,nahr,-75.0,-129.9
zone15,30,1000.755,1,9987.55,150.0,426,244.44,rain,-64.71,-135.33
zone15,31,254.49400000000003,1,2524.94,150.0,748,248.89,contain,-54.03,-139.93
zone15,29,510.87,1,5088.70,150.0,526,253.33,burda,-43.02,-143.7
zone15,28,391.106,1,3891.06,150.0,892,257.78,scriptur,-31.76,-146.6
zone15,32,590.8760000000001,1,5888.76,150.0,439,262.22,jesu,-20.3,-148.62
zone15,33,176.64300000000003,1,1746.43,150.0,554,266.67,natur,-8.72,-149.75
zone15,28,267.452,1,2654.52,150.0,542,271.11,yemen,2.91,-149.97
zone15,27,164.96900000000002,1,1629.69,150.0,659,275.56,author,14.52,-149.3
zone15,30,486.241,1,4842.41,150.0,932,280.0,al_ashari,26.05,-147.72
zone15,32,252.15200000000002,1,2501.52,150.0,426,284.44,palm,37.42,-145.26
zone15,33,425.108,1,4231.08,150.0,732,288.89,ibrahim,48.56,-141.92
zone15,32,1301.16,1,12991.60,150.0,411,293.33,safa,59.41,-137.73
zone15,28,1087.032,1,10850.32,150.0,536,297.78,marwa,69.91,-132.71
zone15,29,292.036,1,2900.36,150.0,663,302.22,pictur,79.98,-126.9
zone15,33,389.483,1,3874.83,150.0,641,306.67,condit,89.57,-120.32
zone15,27,281.716,1,2797.16,150.0,546,311.11,jumua,98.63,-113.02
zone15,32,229.216,1,2272.16,150.0,435,315.56,silk,107.09,-105.03
zone15,32,341.735,1,3397.35,150.0,425,320.0,armi,114.91,-96.42
zone15,27,367.367,1,3653.67,150.0,531,324.44,didnt,122.03,-87.22
zone15,27,239.64800000000002,1,2376.48,150.0,411,328.89,half,128.43,-77.5
zone15,28,505.078,1,5030.78,150.0,526,333.33,dinar,134.04,-67.32
zone15,27,264.471,1,2624.71,150.0,1254,337.78,dhul_hulaifa,138.86,-56.73
zone15,27,473.6600000000001,1,4716.60,150.0,535,342.22,usama,142.84,-45.8
zone15,28,256.845,1,2548.45,150.0,959,346.67,pre_lslam,145.96,-34.59
zone15,28,258.221,1,2562.21,150.0,406,351.11,arab,148.2,-23.18
zone15,27,225.78200000000004,1,2237.82,150.0,425,355.56,mari,149.55,-11.62
zone16,23,916.085,1,9140.85,160.0,415,0.0,cave,160.0,0.0
zone16,22,285.218,1,2832.18,160.0,1917,3.36,urwa_bin_az_zubair,159.72,9.39
zone16,25,214.439,1,2124.39,160.0,530,6.73,offer,158.9,18.75
zone16,26,144.133,1,1421.33,160.0,311,10.09,end,157.52,28.04
zone16,23,916.0110000000001,1,9140.11,160.0,650,13.46,parent,155.61,37.24
zone16,25,353.00700000000006,1,3510.07,160.0,427,16.82,left,153.15,46.31
zone16,23,234.69400000000002,1,2326.94,160.0,862,20.19,judgment,150.17,55.21
zone16,23,166.779,1,1647.79,160.0,425,23.55,mine,146.67,63.93
zone16,22,124.70400000000001,1,1227.04,160.0,664,26.92,troubl,142.67,72.43
zone16,26,131.89000000000001,1,1298.90,160.0,316,30.28,etc,138.17,80.68
zone16,24,212.977,1,2109.77,160.0,965,33.64,christian,133.2,88.65
zone16,21,301.683,1,2996.83,160.0,420,37.01,wage,127.77,96.31
zone16,25,131.205,1,1292.05,160.0,337,40.37,vol,121.89,103.64
zone16,21,106.11700000000002,1,1041.17,160.0,951,43.74,disbeliev,115.6,110.62
zone16,21,207.843,1,2058.43,160.0,846,47.1,neighbor,108.91,117.21
zone16,26,428.55500000000006,1,4265.55,160.0,526,50.47,abdur,101.84,123.4
zone16,24,308.684,1,3066.84,160.0,205,53.83,la,94.43,129.17
zone16,25,658.9490000000001,1,6569.49,160.0,526,57.2,malik,86.68,134.49
zone16,24,285.529,1,2835.29,160.0,728,60.56,juhaifa,78.64,139.34
zone16,23,229.618,1,2276.18,160.0,751,63.93,musalla,70.33,143.72
zone16,22,155.635,1,1536.35,160.0,649,67.29,corner,61.77,147.6
zone16,26,159.77300000000002,1,1577.73,160.0,451,70.65,soul,53.0,150.97
zone16,23,145.43800000000002,1,1434.38,160.0,671,74.02,martyr,44.05,153.82
zone16,26,353.724,1,3517.24,160.0,882,77.38,hypocrit,34.95,156.14
zone16,25,418.237,1,4162.37,160.0,653,80.75,forgiv,25.73,157.92
zone16,25,239.56300000000002,1,2375.63,160.0,935,84.11,date_palm,16.41,159.16
zone16,25,170.577,1,1685.77,160.0,414,87.48,fact,7.04,159.84
zone16,22,261.523,1,2595.23,160.0,424,90.84,liar,-2.35,159.98
zone16,26,818.8600000000001,1,8168.60,160.0,651,94.21,sulaim,-11.73,159.57
zone16,24,279.185,1,2771.85,160.0,320,97.57,arm,-21.08,158.61
zone16,22,357.079,1,3550.79,160.0,537,100.93,hazim,-30.35,157.1
zone16,21,369.75,1,3677.50,160.0,699,104.3,khabbab,-39.52,155.04
zone16,22,217.893,1,2158.93,160.0,301,107.66,had,-48.55,152.46
zone16,24,375.991,1,3739.91,160.0,637,111.03,ikrima,-57.41,149.34
zone16,25,267.01300000000003,1,2650.13,160.0,537,114.39,while,-66.08,145.72
zone16,21,301.62,1,2996.20,160.0,438,117.76,izar,-74.52,141.59
zone16,26,161.53,1,1595.30,160.0,632,121.12,friend,-82.7,136.97
zone16,21,285.555,1,2835.55,160.0,829,124.49,as_saidi,-90.59,131.88
zone16,25,195.442,1,1934.42,160.0,543,127.85,invoc,-98.18,126.34
zone16,26,157.52200000000002,1,1555.22,160.0,518,131.21,freed,-105.42,120.36
zone16,22,285.87,1,2838.70,160.0,2083,134.58,al_mughira_bin_shuba,-112.3,113.96
zone16,23,360.721,1,3587.21,160.0,1548,137.94,zaid_bin_khalid,-118.8,107.18
zone16,24,428.341,1,4263.41,160.0,615,141.31,belief,-124.88,100.02
zone16,25,537.576,1,5355.76,160.0,210,144.67,me,-130.54,92.52
zone16,24,175.01500000000001,1,1730.15,160.0,741,148.04,leather,-135.74,84.7
zone16,22,316.38200000000006,1,3143.82,160.0,640,151.4,israel,-140.48,76.59
zone16,26,946.499,1,9444.99,160.0,653,154.77,valley,-144.73,68.21
zone16,26,257.244,1,2552.44,160.0,554,158.13,shirt,-148.49,59.6
zone16,21,193.44400000000002,1,1914.44,160.0,424,161.5,leav,-151.73,50.78
zone16,23,257.021,1,2550.21,160.0,968,164.86,jerusalem,-154.45,41.79
zone16,22,565.413,1,5634.13,160.0,710,168.22,labbaik,-156.63,32.65
zone16,22,218.47199999999998,1,2164.72,160.0,413,171.59,najd,-158.28,23.4
zone16,22,204.568,1,2025.68,160.0,655,174.95,perfum,-159.38,14.07
zone16,23,187.287,1,1852.87,160.0,532,178.32,khuff,-159.93,4.7
zone16,26,306.445,1,3044.45,160.0,1042,181.68,dhul_hijja,-159.93,-4.7
zone16,26,334.30600000000004,1,3323.06,160.0,1222,185.05,ubai_bin_kab,-159.38,-14.07
zone16,25,354.75,1,3527.50,160.0,314,188.41,alm,-158.28,-23.4
zone16,25,289.35100000000006,1,2873.51,160.0,414,191.78,make,-156.63,-32.65
zone16,21,258.204,1,2562.04,160.0,1664,195.14,uthman_bin_affan,-154.45,-41.79
zone16,22,188.60000000000002,1,1866.00,160.0,742,198.5,talbiya,-151.73,-50.78
zone16,21,605.229,1,6032.29,160.0,410,201.87,game,-148.49,-59.6
zone16,26,370.337,1,3683.37,160.0,541,205.23,smell,-144.73,-68.21
zone16,25,689.9590000000001,1,6879.59,160.0,637,208.6,safiya,-140.48,-76.59
zone16,23,130.276,1,1282.76,160.0,742,211.96,distanc,-135.74,-84.7
zone16,25,319.035,1,3170.35,160.0,448,215.33,dust,-130.54,-92.52
zone16,23,132.654,1,1306.54,160.0,551,218.69,buyer,-124.88,-100.02
zone16,21,247.50500000000002,1,2455.05,160.0,443,222.06,tent,-118.8,-107.18
zone16,25,268.296,1,2662.96,160.0,441,225.42,wood,-112.3,-113.96
zone16,23,257.93000000000006,1,2559.30,160.0,629,228.79,regard,-105.42,-120.36
zone16,26,322.016,1,3200.16,160.0,543,232.15,sight,-98.18,-126.34
zone16,23,145.21300000000002,1,1432.13,160.0,841,235.51,life_tim,-90.59,-131.88
zone16,26,761.8810000000001,1,7598.81,160.0,324,238.88,law,-82.7,-136.97
zone16,21,1503.7200000000003,1,15017.20,160.0,302,242.24,kab,-74.52,-141.59
zone16,21,298.247,1,2962.47,160.0,454,245.61,witr,-66.08,-145.72
zone16,23,304.223,1,3022.23,160.0,843,248.97,guardian,-57.41,-149.34
zone16,22,393.095,1,3910.95,160.0,2296,252.34,al_miswar_bin_makhrama,-48.55,-152.46
zone16,21,180.409,1,1784.09,160.0,414,255.7,fear,-39.52,-155.04
zone16,22,398.04200000000003,1,3960.42,160.0,561,259.07,stori,-30.35,-157.1
zone16,23,272.879,1,2708.79,160.0,655,262.43,virgin,-21.08,-158.61
zone16,22,366.66700000000003,1,3646.67,160.0,657,265.79,atiyya,-11.73,-159.57
zone16,22,356.872,1,3548.72,160.0,665,269.16,masruq,-2.35,-159.98
zone16,21,230.906,1,2289.06,160.0,542,272.52,revel,7.04,-159.84
zone16,25,199.774,1,1977.74,160.0,610,275.89,behalf,16.41,-159.16
zone16,25,325.785,1,3237.85,160.0,2071,279.25,abdur_rahman_bin_auf,25.73,-157.92
zone16,22,172.236,1,1702.36,160.0,323,282.62,rel,34.95,-156.14
zone16,24,347.466,1,3454.66,160.0,517,285.98,shade,44.05,-153.82
zone16,21,801.528,1,7995.28,160.0,425,289.35,king,53.0,-150.97
zone16,21,218.10000000000002,1,2161.00,160.0,440,292.71,iron,61.77,-147.6
zone16,22,266.652,1,2646.52,160.0,432,296.07,evil,70.33,-143.72
zone16,23,155.074,1,1530.74,160.0,432,299.44,sell,78.64,-139.34
zone16,22,305.469,1,3034.69,160.0,1644,302.8,abdullah_bin_abu,86.68,-134.49
zone16,24,351.92800000000005,1,3499.28,160.0,644,306.17,ashura,94.43,-129.17
zone16,21,390.75700000000006,1,3887.57,160.0,536,309.53,fever,101.84,-123.4
zone16,21,194.19000000000003,1,1921.90,160.0,436,312.9,bowl,108.91,-117.21
zone16,21,2.0,1,0.00,160.0,330,316.26,curs,115.6,-110.62
zone16,26,376.44800000000004,1,3744.48,160.0,1652,319.63,narrated_ibn_abi,121.89,-103.64
zone16,25,420.878,1,4188.78,160.0,559,322.99,visit,127.77,-96.31
zone16,21,291.247,1,2892.47,160.0,526,326.36,aslam,133.2,-88.65
zone16,23,392.908,1,3909.08,160.0,510,329.72,bread,138.17,-80.68
zone16,24,174.353,1,1723.53,160.0,647,333.08,seller,142.67,-72.43
zone16,21,192.329,1,1903.29,160.0,665,336.45,option,146.67,-63.93
zone16,24,276.744,1,2747.44,160.0,660,339.81,amount,150.17,-55.21
zone16,21,498.02,1,4960.20,160.0,647,343.18,captiv,153.15,-46.31
zone16,23,225.143,1,2231.43,160.0,424,346.54,heir,155.61,-37.24
zone16,25,432.682,1,4306.82,160.0,424,349.91,mahr,157.52,-28.04
zone16,22,534.267,1,5322.67,160.0,547,353.27,honey,158.9,-18.75
zone16,22,246.49099999999999,1,2444.91,160.0,853,356.64,creation,159.72,-9.39
zone17,15,72.17,1,701.70,170.0,830,0.0,forehead,170.0,0.0
zone17,17,115.94800000000001,1,1139.48,170.0,436,1.55,form,169.94,4.58
zone17,18,836.314,1,8343.14,170.0,716,3.09,khadija,169.75,9.16
zone17,18,212.54600000000002,1,2105.46,170.0,557,4.64,tongu,169.44,13.74
zone17,14,209.644,1,2076.44,170.0,446,6.18,aziz,169.01,18.3
zone17,17,353.24600000000004,1,3512.46,170.0,513,7.73,deleg,168.46,22.85
zone17,19,188.01700000000002,1,1860.17,170.0,1890,9.27,narrated_ibn_masud,167.78,27.39
zone17,15,201.94100000000003,1,1999.41,170.0,531,10.82,which,166.98,31.9
zone17,18,573.551,1,5715.51,170.0,552,12.36,river,166.06,36.39
zone17,15,118.89500000000001,1,1168.95,170.0,527,13.91,trace,165.02,40.85
zone17,20,218.589,1,2165.89,170.0,531,15.45,shuba,163.86,45.29
zone17,16,82.129,1,801.29,170.0,418,17.0,heat,162.58,49.69
zone17,16,102.132,1,1001.32,170.0,741,18.54,congreg,161.18,54.06
zone17,17,282.216,1,2802.16,170.0,536,20.09,jarir,159.66,58.38
zone17,15,101.30700000000002,1,993.07,170.0,674,21.63,sunset,158.03,62.67
zone17,17,132.07000000000002,1,1300.70,170.0,332,23.18,set,156.28,66.9
zone17,18,109.49400000000001,1,1074.94,170.0,775,24.72,everyth,154.42,71.09
zone17,14,149.576,1,1475.76,170.0,1866,26.27,salim_bin_abdullah,152.45,75.23
zone17,15,341.538,1,3395.38,170.0,542,27.81,torah,150.36,79.32
zone17,17,320.096,1,3180.96,170.0,545,29.36,qirat,148.17,83.34
zone17,20,264.87,1,2628.70,170.0,1540,30.9,rafi_bin_khadij,145.87,87.31
zone17,15,79.452,1,774.52,170.0,454,32.45,spot,143.46,91.21
zone17,15,139.534,1,1375.34,170.0,769,33.99,present,140.95,95.04
zone17,16,116.39500000000001,1,1143.95,170.0,552,35.54,slept,138.34,98.81
zone17,20,216.47199999999998,1,2144.72,170.0,457,37.08,turn,135.62,102.5
zone17,16,198.608,1,1966.08,170.0,617,38.63,affair,132.81,106.12
zone17,20,431.47600000000006,1,4294.76,170.0,310,40.17,ata,129.9,109.66
zone17,14,191.654,1,1896.54,170.0,567,41.72,suhur,126.9,113.13
zone17,15,145.423,1,1434.23,170.0,426,43.26,dawn,123.8,116.51
zone17,14,81.47500000000001,1,794.75,170.0,545,44.81,dress,120.61,119.8
zone17,19,332.25500000000005,1,3302.55,170.0,420,46.35,come,117.34,123.01
zone17,17,106.033,1,1040.33,170.0,644,47.9,trench,113.98,126.13
zone17,14,215.214,1,2132.14,170.0,632,49.44,speech,110.54,129.16
zone17,18,240.89000000000001,1,2388.90,170.0,538,50.99,stand,107.01,132.09
zone17,18,213.416,1,2114.16,170.0,431,52.53,jinn,103.41,134.93
zone17,20,152.845,1,1508.45,170.0,557,54.08,power,99.74,137.67
zone17,15,251.477,1,2494.77,170.0,335,55.62,lot,95.99,140.31
zone17,18,131.348,1,1293.48,170.0,752,57.17,presenc,92.17,142.84
zone17,14,172.323,1,1703.23,170.0,843,58.71,tahajjud,88.29,145.28
zone17,17,145.60999999999999,1,1436.10,170.0,605,60.26,janaba,84.34,147.6
zone17,15,202.56600000000003,1,2005.66,170.0,548,61.8,junub,80.33,149.83
zone17,19,320.516,1,3185.16,170.0,738,63.35,mujahid,76.26,151.94
zone17,14,53.28,1,512.80,170.0,972,64.89,afternoon,72.13,153.94
zone17,14,357.337,1,3553.37,170.0,690,66.44,al_abba,67.96,155.83
zone17,15,285.366,1,2833.66,170.0,535,67.98,cloud,63.73,157.6
zone17,20,378.968,1,3769.68,170.0,828,69.53,al_aswad,59.46,159.26
zone17,15,155.584,1,1535.84,170.0,426,71.07,sami,55.14,160.81
zone17,19,157.75300000000001,1,1557.53,170.0,711,72.62,rabbana,50.79,162.24
zone17,14,73.59400000000001,1,715.94,170.0,612,74.16,hamida,46.39,163.55
zone17,16,143.103,1,1411.03,170.0,529,75.71,liman,41.97,164.74
zone17,14,233.17,1,2311.70,170.0,534,77.25,ishaq,37.51,165.81
zone17,16,186.457,1,1844.57,170.0,425,78.8,quba,33.02,166.76
zone17,18,323.28200000000004,1,3212.82,170.0,1331,80.34,muadh_bin_jab,28.52,167.59
zone17,17,109.10300000000001,1,1071.03,170.0,426,81.89,sick,23.99,168.3
zone17,14,114.07900000000001,1,1120.79,170.0,318,83.43,cri,19.44,168.88
zone17,15,210.02100000000002,1,2080.21,170.0,631,84.98,allahu,14.88,169.35
zone17,17,245.721,1,2437.21,170.0,513,86.52,akbar,10.31,169.69
zone17,15,155.17000000000002,1,1531.70,170.0,537,88.07,plagu,5.73,169.9
zone17,16,301.696,1,2996.96,170.0,423,89.61,hold,1.15,170.0
zone17,16,202.006,1,2000.06,170.0,648,91.16,orphan,-3.44,169.97
zone17,18,142.601,1,1406.01,170.0,445,92.7,room,-8.02,169.81
zone17,14,151.26700000000002,1,1492.67,170.0,653,94.25,whenev,-12.6,169.53
zone17,20,154.548,1,1525.48,170.0,429,95.79,east,-17.16,169.13
zone17,16,156.704,1,1547.04,170.0,435,97.34,wash,-21.72,168.61
zone17,15,179.294,1,1772.94,170.0,423,98.88,kufa,-26.25,167.96
zone17,18,412.04200000000003,1,4100.42,170.0,526,100.43,ammar,-30.77,167.19
zone17,16,189.11300000000003,1,1871.13,170.0,1861,101.97,ubada_bin_as_samit,-35.27,166.3
zone17,15,136.496,1,1344.96,170.0,1696,103.52,jubair_bin_mutim,-39.74,165.29
zone17,20,576.647,1,5746.47,170.0,418,105.06,rafi,-44.18,164.16
zone17,14,169.64800000000002,1,1676.48,170.0,1149,106.61,abu_l_qasim,-48.59,162.91
zone17,17,176.106,1,1741.06,170.0,525,108.15,anger,-52.97,161.54
zone17,18,255.624,1,2536.24,170.0,1686,109.7,imran_bin_husain,-57.3,160.05
zone17,20,218.586,1,2165.86,170.0,1113,111.24,ali_bin_abi,-61.6,158.45
zone17,18,198.817,1,1968.17,170.0,535,112.79,imran,-65.85,156.73
zone17,20,345.89200000000005,1,3438.92,170.0,636,114.33,thabit,-70.05,154.9
zone17,14,109.173,1,1071.73,170.0,630,115.88,health,-74.2,152.95
zone17,20,134.18900000000002,1,1321.89,170.0,420,117.42,bone,-78.3,150.89
zone17,15,90.62,1,886.20,170.0,437,118.97,nose,-82.34,148.73
zone17,15,266.343,1,2643.43,170.0,424,120.52,qadr,-86.32,146.45
zone17,14,110.72300000000001,1,1087.23,170.0,433,122.06,sahu,-90.24,144.07
zone17,19,307.20500000000004,1,3052.05,170.0,409,123.61,peac,-94.09,141.59
zone17,14,153.729,1,1517.29,170.0,638,125.15,bucket,-97.87,139.0
zone17,18,145.886,1,1438.86,170.0,530,126.7,fight,-101.59,136.31
zone17,16,317.72,1,3157.20,170.0,1049,128.24,al_mughira,-105.22,133.52
zone17,15,147.811,1,1458.11,170.0,940,129.79,al_harith,-108.79,130.64
zone17,14,67.792,1,657.92,170.0,536,131.33,dwell,-112.27,127.66
zone17,14,44.939,1,429.39,170.0,763,132.88,puberti,-115.67,124.58
zone17,17,122.63800000000002,1,1206.38,170.0,751,134.42,dweller,-118.99,121.42
zone17,15,215.916,1,2139.16,170.0,417,135.97,amra,-122.22,118.17
zone17,18,104.35000000000001,1,1023.50,170.0,529,137.51,grain,-125.36,114.83
zone17,19,131.316,1,1293.16,170.0,542,139.06,favor,-128.41,111.41
zone17,20,194.537,1,1925.37,170.0,735,140.6,command,-131.37,107.9
zone17,18,2.0,1,0.00,170.0,551,142.15,promis,-134.23,104.32
zone17,18,401.668,1,3996.68,170.0,422,143.69,tide,-136.99,100.66
zone17,15,128.04500000000002,1,1260.45,170.0,648,145.24,weight,-139.66,96.93
zone17,17,296.95700000000005,1,2949.57,170.0,738,146.78,nawafil,-142.22,93.13
zone17,15,126.69600000000001,1,1246.96,170.0,440,148.33,kufr,-144.68,89.26
zone17,17,162.78300000000002,1,1607.83,170.0,529,149.87,bewar,-147.03,85.33
zone17,18,264.647,1,2626.47,170.0,523,151.42,jamra,-149.28,81.34
zone17,15,116.762,1,1147.62,170.0,516,152.96,heard,-151.42,77.28
zone17,18,681.7950000000001,1,6797.95,170.0,2299,154.51,abdullah_bin_az_zubair,-153.45,73.17
zone17,18,241.587,1,2395.87,170.0,746,156.05,ailment,-155.36,69.01
zone17,20,218.163,1,2161.63,170.0,641,157.6,subhan,-157.17,64.79
zone17,19,145.675,1,1436.75,170.0,765,159.14,tonight,-158.86,60.53
zone17,19,112.54200000000002,1,1105.42,170.0,774,160.69,treasur,-160.43,56.22
zone17,18,508.817,1,5068.17,170.0,731,162.23,infidel,-161.89,51.88
zone17,17,527.823,1,5258.23,170.0,771,163.78,servant,-163.23,47.49
zone17,20,307.806,1,3058.06,170.0,425,165.32,rami,-164.45,43.08
zone17,20,221.173,1,2191.73,170.0,658,166.87,muhrim,-165.55,38.63
zone17,16,220.447,1,2184.47,170.0,201,168.41,ha,-166.53,34.15
zone17,17,480.69100000000003,1,4786.91,170.0,725,169.96,bahrain,-167.4,29.65
zone17,15,103.02000000000001,1,1010.20,170.0,975,171.5,slaughter,-168.13,25.12
zone17,20,122.403,1,1204.03,170.0,411,173.05,care,-168.75,20.58
zone17,15,194.86300000000003,1,1928.63,170.0,537,174.59,mudar,-169.24,16.02
zone17,15,90.611,1,886.11,170.0,306,176.14,die,-169.61,11.45
zone17,16,226.416,1,2244.16,170.0,439,177.68,pass,-169.86,6.87
zone17,14,179.50300000000001,1,1775.03,170.0,434,179.23,wind,-169.98,2.29
zone17,19,307.40500000000003,1,3054.05,170.0,1257,180.77,al_muzdalifa,-169.98,-2.29
zone17,14,275.562,1,2735.62,170.0,526,182.32,sauda,-169.86,-6.87
zone17,15,216.81799999999998,1,2148.18,170.0,425,183.86,zama,-169.61,-11.45
zone17,16,86.99900000000001,1,849.99,170.0,763,185.41,tumbler,-169.24,-16.02
zone17,20,123.796,1,1217.96,170.0,772,186.95,utensil,-168.75,-20.58
zone17,14,182.31600000000003,1,1803.16,170.0,1756,188.5,abdullah_bin_zaid,-168.13,-25.12
zone17,16,111.862,1,1098.62,170.0,763,190.04,perform,-167.4,-29.65
zone17,20,333.887,1,3318.87,170.0,1336,191.59,adi_bin_hatim,-166.53,-34.15
zone17,16,171.987,1,1699.87,170.0,1770,193.13,as_saib_bin_yazid,-165.55,-38.63
zone17,20,2873.782,1,28717.82,170.0,390,194.68,abba,-164.45,-43.08
zone17,16,624.924,1,6229.24,170.0,426,196.22,mudd,-163.23,-47.49
zone17,15,77.006,1,750.06,170.0,446,197.77,urin,-161.89,-51.88
zone17,18,88.218,1,862.18,170.0,658,199.31,vessel,-160.43,-56.22
zone17,18,252.75400000000002,1,2507.54,170.0,851,200.86,shepherd,-158.86,-60.53
zone17,15,183.42600000000002,1,1814.26,170.0,557,202.4,wound,-157.17,-64.79
zone17,14,272.35900000000004,1,2703.59,170.0,543,203.95,color,-155.36,-69.01
zone17,16,779.9380000000001,1,7779.38,170.0,415,205.49,jahl,-153.45,-73.17
zone17,17,81.99400000000001,1,799.94,170.0,633,207.04,shield,-151.42,-77.28
zone17,14,269.71700000000004,1,2677.17,170.0,543,208.58,siwak,-149.28,-81.34
zone17,17,159.03900000000002,1,1570.39,170.0,541,210.13,scent,-147.03,-85.33
zone17,14,105.91600000000001,1,1039.16,170.0,552,211.67,round,-144.68,-89.26
zone17,17,188.09400000000002,1,1860.94,170.0,672,213.22,return,-142.22,-93.13
zone17,15,240.03400000000002,1,2380.34,170.0,839,214.76,al_qasim,-139.66,-96.93
zone17,14,157.45600000000002,1,1554.56,170.0,517,216.31,charg,-136.99,-100.66
zone17,14,247.775,1,2457.75,170.0,599,217.85,habiba,-134.23,-104.32
zone17,15,96.528,1,945.28,170.0,537,219.4,birth,-131.37,-107.9
zone17,14,200.36900000000003,1,1983.69,170.0,875,220.94,tayammum,-128.41,-111.41
zone17,19,221.572,1,2195.72,170.0,1157,222.49,abdurrahman,-125.36,-114.83
zone17,15,146.09300000000002,1,1440.93,170.0,754,224.03,announc,-122.22,-118.17
zone17,16,157.84400000000002,1,1558.44,170.0,1353,225.58,uqba_bin_amir,-118.99,-121.42
zone17,16,365.78400000000005,1,3637.84,170.0,769,227.12,protect,-115.67,-124.58
zone17,17,459.812,1,4578.12,170.0,529,228.67,hamza,-112.27,-127.66
zone17,15,169.84900000000002,1,1678.49,170.0,851,230.21,ethiopia,-108.79,-130.64
zone17,17,523.821,1,5218.21,170.0,422,231.76,banu,-105.22,-133.52
zone17,18,129.75400000000002,1,1277.54,170.0,644,233.3,pillar,-101.59,-136.31
zone17,17,1451.3360000000002,1,14493.36,170.0,426,234.85,asim,-97.87,-139.0
zone17,18,618.1210000000001,1,6161.21,170.0,625,236.39,barira,-94.09,-141.59
zone17,15,162.35500000000002,1,1603.55,170.0,336,237.94,buy,-90.24,-144.07
zone17,18,354.41900000000004,1,3524.19,170.0,1331,239.48,kab_bin_malik,-86.32,-146.45
zone17,19,234.42399999999998,1,2324.24,170.0,2079,241.03,said_bin_al_musaiyab,-82.34,-148.73
zone17,15,108.09100000000001,1,1060.91,170.0,430,242.58,even,-78.3,-150.89
zone17,18,150.316,1,1483.16,170.0,542,244.12,stick,-74.2,-152.95
zone17,14,279.069,1,2770.69,170.0,1846,245.67,salama_bin_al_akwa,-70.05,-154.9
zone17,14,284.934,1,2829.34,170.0,646,247.21,marwan,-65.85,-156.73
zone17,18,199.17100000000002,1,1971.71,170.0,905,248.76,tomorrow,-61.6,-158.45
zone17,20,181.14200000000002,1,1791.42,170.0,451,250.3,work,-57.3,-160.05
zone17,16,79.798,1,777.98,170.0,415,251.85,male,-52.97,-161.54
zone17,16,568.299,1,5662.99,170.0,329,253.39,cow,-48.59,-162.91
zone17,18,2.0,1,0.00,170.0,418,254.94,pleas,-44.18,-164.16
zone17,16,216.829,1,2148.29,170.0,398,256.48,adha,-39.74,-165.29
zone17,18,85.59400000000001,1,835.94,170.0,312,258.03,ear,-35.27,-166.3
zone17,17,181.405,1,1794.05,170.0,513,259.57,palac,-30.77,-167.19
zone17,17,130.859,1,1288.59,170.0,424,261.12,mind,-26.25,-167.96
zone17,19,96.94,1,949.40,170.0,656,262.66,offspr,-21.72,-168.61
zone17,14,136.512,1,1345.12,170.0,432,264.21,kith,-17.16,-169.13
zone17,16,193.80700000000002,1,1918.07,170.0,768,265.75,victori,-12.6,-169.53
zone17,15,212.854,1,2108.54,170.0,1244,267.3,al_hudaibiya,-8.02,-169.81
zone17,14,137.577,1,1355.77,170.0,329,268.84,key,-3.44,-169.97
zone17,14,210.537,1,2085.37,170.0,1570,270.39,surat_al_baqara,1.15,-170.0
zone17,17,115.096,1,1130.96,170.0,548,271.93,forti,5.73,-169.9
zone17,16,303.607,1,3016.07,170.0,2552,273.48,abdullah_bin_amr_bin_al_a,10.31,-169.69
zone17,20,320.742,1,3187.42,170.0,520,275.02,david,14.88,-169.35
zone17,20,218.083,1,2160.83,170.0,889,276.57,superior,19.44,-168.88
zone17,18,171.92000000000002,1,1699.20,170.0,539,278.11,third,23.99,-168.3
zone17,17,169.99,1,1679.90,170.0,634,279.66,beauti,28.52,-167.59
zone17,20,329.62800000000004,1,3276.28,170.0,438,281.2,rope,33.02,-166.76
zone17,20,136.677,1,1346.77,170.0,776,282.75,everyon,37.51,-165.81
zone17,19,449.5350000000001,1,4475.35,170.0,640,284.29,messag,41.97,-164.74
zone17,14,138.793,1,1367.93,170.0,554,285.84,invit,46.39,-163.55
zone17,18,422.3,1,4203.00,170.0,410,287.38,flag,50.79,-162.24
zone17,15,479.40200000000004,1,4774.02,170.0,1749,288.93,abdullah_bin_ubai,55.14,-160.81
zone17,18,310.61,1,3086.10,170.0,526,290.47,jahsh,59.46,-159.26
zone17,15,86.349,1,843.49,170.0,649,292.02,commit,63.73,-157.6
zone17,17,204.699,1,2026.99,170.0,530,293.56,snake,67.96,-155.83
zone17,20,105.89600000000002,1,1038.96,170.0,653,295.11,measur,72.13,-153.94
zone17,20,328.10300000000007,1,3261.03,170.0,976,296.65,foodstuff,76.26,-151.94
zone17,14,47.239000000000004,1,452.39,170.0,422,298.2,earn,80.33,-149.83
zone17,19,95.70400000000001,1,937.04,170.0,631,299.74,belong,84.34,-147.6
zone17,20,376.79600000000005,1,3747.96,170.0,535,301.29,tabuk,88.29,-145.28
zone17,15,140.08900000000003,1,1380.89,170.0,1064,302.83,slave_girl,92.17,-142.84
zone17,16,431.887,1,4298.87,170.0,742,304.38,buraira,95.99,-140.31
zone17,16,83.238,1,812.38,170.0,527,305.92,grape,99.74,-137.67
zone17,18,82.005,1,800.05,170.0,537,307.47,wheat,103.41,-134.93
zone17,14,131.655,1,1296.55,170.0,525,309.01,kafir,107.01,-132.09
zone17,15,158.00300000000001,1,1560.03,170.0,861,310.56,muharram,110.54,-129.16
zone17,14,103.077,1,1010.77,170.0,535,312.1,cubit,113.98,-126.13
zone17,14,518.0390000000001,1,5160.39,170.0,621,313.65,khalid,117.34,-123.01
zone17,16,286.858,1,2848.58,170.0,424,315.19,idol,120.61,-119.8
zone17,14,87.428,1,854.28,170.0,764,316.74,partner,123.8,-116.51
zone17,15,189.95600000000002,1,1879.56,170.0,643,318.28,hunain,126.9,-113.13
zone17,14,154.285,1,1522.85,170.0,428,319.83,kill,129.9,-109.66
zone17,14,80.22800000000001,1,782.28,170.0,969,321.37,everybodi,132.81,-106.12
zone17,14,267.86,1,2658.60,170.0,621,322.92,alqama,135.62,-102.5
zone17,14,336.57800000000003,1,3345.78,170.0,552,324.46,guest,138.34,-98.81
zone17,14,164.97400000000002,1,1629.74,170.0,428,326.01,utba,140.95,-95.04
zone17,15,251.31799999999998,1,2493.18,170.0,762,327.55,mention,143.46,-91.21
zone17,17,107.21800000000002,1,1052.18,170.0,724,329.1,bargain,145.87,-87.31
zone17,20,214.643,1,2126.43,170.0,539,330.64,coven,148.17,-83.34
zone17,15,182.585,1,1805.85,170.0,644,332.19,migrat,150.36,-79.32
zone17,16,91.183,1,891.83,170.0,647,333.73,desert,152.45,-75.23
zone17,18,175.30700000000002,1,1733.07,170.0,539,335.28,marri,154.42,-71.09
zone17,16,188.184,1,1861.84,170.0,535,336.82,chest,156.28,-66.9
zone17,16,81.191,1,791.91,170.0,320,338.37,wed,158.03,-62.67
zone17,20,175.36,1,1733.60,170.0,752,339.91,banquet,159.66,-58.38
zone17,15,99.88300000000001,1,978.83,170.0,435,341.46,wine,161.18,-54.06
zone17,14,253.404,1,2514.04,170.0,417,343.0,ubai,162.58,-49.69
zone17,17,446.866,1,4448.66,170.0,619,344.55,sadaqa,163.86,-45.29
zone17,16,89.48700000000001,1,874.87,170.0,654,346.09,repent,165.02,-40.85
zone17,17,137.419,1,1354.19,170.0,647,347.64,divorc,166.06,-36.39
zone17,20,122.47200000000001,1,1204.72,170.0,746,349.18,connect,166.98,-31.9
zone17,18,215.035,1,2130.35,170.0,534,350.73,rider,167.78,-27.39
zone17,16,373.134,1,3711.34,170.0,534,352.27,usaid,168.46,-22.85
zone17,18,109.96700000000001,1,1079.67,170.0,774,353.82,warrior,169.01,-18.3
zone17,14,177.17600000000002,1,1751.76,170.0,656,355.36,throne,169.44,-13.74
zone17,15,415.715,1,4137.15,170.0,523,356.91,ghira,169.75,-9.16
zone17,17,123.532,1,1215.32,170.0,989,358.45,whereupon,169.94,-4.58
zone18,12,200.854,1,1988.54,180.0,1868,0.0,jarir_bin_abdullah,180.0,0.0
zone18,9,283.47700000000003,1,2814.77,180.0,519,0.69,advic,179.99,2.15
zone18,12,52.61600000000001,1,506.16,180.0,733,1.37,benefit,179.95,4.31
zone18,9,2.0,1,0.00,180.0,540,2.06,seclus,179.88,6.46
zone18,9,319.25300000000004,1,3172.53,180.0,420,2.74,hira,179.79,8.61
zone18,7,124.91900000000001,1,1229.19,180.0,439,3.43,move,179.68,10.76
zone18,8,119.528,1,1175.28,180.0,432,4.11,hast,179.54,12.91
zone18,7,136.4,1,1344.00,180.0,325,4.8,lip,179.37,15.06
zone18,7,54.855,1,528.55,180.0,211,5.49,ra,179.18,17.21
zone18,10,2487.5830000000005,1,24855.83,180.0,845,6.17,heracliu,178.96,19.35
zone18,9,168.703,1,1667.03,180.0,429,6.86,iraq,178.71,21.49
zone18,7,50.211000000000006,1,482.11,180.0,622,7.54,branch,178.44,23.63
zone18,7,48.059,1,460.59,180.0,630,8.23,forbid,178.15,25.76
zone18,7,165.29000000000002,1,1632.90,180.0,647,8.91,shaqiq,177.83,27.89
zone18,11,95.24600000000001,1,932.46,180.0,319,9.6,bit,177.48,30.02
zone18,13,153.93800000000002,1,1519.38,180.0,946,10.29,muadhdhin,177.11,32.14
zone18,9,146.376,1,1443.76,180.0,437,10.97,wait,176.71,34.26
zone18,12,75.598,1,735.98,180.0,630,11.66,breath,176.29,36.37
zone18,9,132.21099999999998,1,1302.11,180.0,528,12.34,barza,175.84,38.48
zone18,11,133.66500000000002,1,1316.65,180.0,407,13.03,abu_,175.37,40.58
zone18,11,118.577,1,1165.77,180.0,438,13.71,love,174.87,42.67
zone18,9,101.202,1,992.02,180.0,1460,14.4,umar_bin_abdul,174.34,44.76
zone18,10,37.601,1,356.01,180.0,435,15.09,rise,173.8,46.85
zone18,7,97.97500000000001,1,959.75,180.0,639,15.77,ismail,173.22,48.92
zone18,9,60.014,1,580.14,180.0,761,16.46,success,172.63,50.99
zone18,9,93.642,1,916.42,180.0,449,17.14,stay,172.0,53.06
zone18,12,443.0520000000001,1,4410.52,180.0,528,17.83,labor,171.36,55.11
zone18,8,91.07600000000001,1,890.76,180.0,514,18.51,batch,170.68,57.16
zone18,9,135.872,1,1338.72,180.0,777,19.2,horizon,169.99,59.2
zone18,12,65.714,1,637.14,180.0,756,19.89,complet,169.27,61.23
zone18,9,56.776,1,547.76,180.0,644,20.57,surfac,168.52,63.25
zone18,9,81.17000000000002,1,791.70,180.0,1975,21.26,narrated_ibn_shihab,167.75,65.26
zone18,7,42.396,1,403.96,180.0,664,21.94,interv,166.96,67.26
zone18,13,140.361,1,1383.61,180.0,432,22.63,veil,166.14,69.26
zone18,10,2.0,1,0.00,180.0,561,23.31,sunris,165.3,71.24
zone18,11,137.354,1,1353.54,180.0,304,24.0,edg,164.44,73.21
zone18,9,84.274,1,822.74,180.0,929,24.69,munabadha,163.55,75.18
zone18,9,79.21100000000001,1,772.11,180.0,849,25.37,mulamasa,162.64,77.13
zone18,10,122.82400000000001,1,1208.24,180.0,1664,26.06,narrated_ibn_abu,161.7,79.07
zone18,10,118.49900000000001,1,1164.99,180.0,1028,26.74,al_khandaq,160.75,81.0
zone18,12,80.618,1,786.18,180.0,651,27.43,expiat,159.77,82.92
zone18,9,119.029,1,1170.29,180.0,931,28.11,al_aslami,158.76,84.82
zone18,8,37.46,1,354.60,180.0,442,28.8,noon,157.74,86.72
zone18,7,218.789,1,2167.89,180.0,649,29.49,mistak,156.69,88.6
zone18,13,253.224,1,2512.24,180.0,631,30.17,rahman,155.61,90.47
zone18,11,53.31900000000001,1,513.19,180.0,558,30.86,start,154.52,92.32
zone18,11,278.495,1,2764.95,180.0,618,31.54,qilaba,153.4,94.16
zone18,10,58.649,1,566.49,180.0,330,32.23,sub,152.27,95.99
zone18,10,62.462,1,604.62,180.0,414,32.91,heel,151.11,97.81
zone18,7,22.837000000000003,1,208.37,180.0,758,33.6,creatur,149.93,99.61
zone18,7,43.386,1,413.86,180.0,1049,34.29,muhammadan,148.72,101.4
zone18,10,163.03900000000002,1,1610.39,180.0,540,34.97,yahya,147.5,103.17
zone18,11,441.203,1,4392.03,180.0,976,35.66,intercess,146.25,104.93
zone18,8,73.976,1,719.76,180.0,411,36.34,race,144.99,106.67
zone18,13,144.39000000000001,1,1423.90,180.0,655,37.03,maktum,143.7,108.4
zone18,12,105.197,1,1031.97,180.0,1041,37.71,muadh_dhin,142.39,110.11
zone18,9,109.73800000000001,1,1077.38,180.0,2066,38.4,abdullah_bin_mughaff,141.06,111.81
zone18,9,93.06700000000001,1,910.67,180.0,426,39.09,anza,139.72,113.49
zone18,8,60.963,1,589.63,180.0,636,39.77,remain,138.35,115.15
zone18,10,100.03500000000001,1,980.35,180.0,336,40.46,sit,136.96,116.8
zone18,11,1158.032,1,11560.32,180.0,800,41.14,ad_darda,135.55,118.43
zone18,9,55.89600000000001,1,538.96,180.0,638,41.83,action,134.13,120.04
zone18,8,125.293,1,1232.93,180.0,2010,42.51,malik_bin_huwairith,132.68,121.64
zone18,10,318.696,1,3166.96,180.0,433,43.2,tell,131.21,123.22
zone18,10,86.152,1,841.52,180.0,517,43.89,ubaid,129.73,124.78
zone18,8,36.692,1,346.92,180.0,438,44.57,roof,128.23,126.32
zone18,12,80.18,1,781.80,180.0,326,45.26,mud,126.71,127.85
zone18,11,86.64500000000001,1,846.45,180.0,427,45.94,mark,125.17,129.36
zone18,11,151.36300000000003,1,1493.63,180.0,418,46.63,duha,123.61,130.85
zone18,9,188.63,1,1866.30,180.0,671,47.31,supper,122.04,132.32
zone18,13,97.71000000000001,1,957.10,180.0,529,48.0,carri,120.44,133.77
zone18,8,42.598000000000006,1,405.98,180.0,525,48.69,knife,118.83,135.2
zone18,13,223.179,1,2211.79,180.0,342,49.37,our,117.21,136.61
zone18,9,108.187,1,1061.87,180.0,433,50.06,weep,115.56,138.0
zone18,13,142.46800000000002,1,1404.68,180.0,649,50.74,joseph,113.9,139.38
zone18,9,79.364,1,773.64,180.0,548,51.43,arriv,112.23,140.73
zone18,8,40.701,1,387.01,180.0,646,52.11,raisin,110.54,142.06
zone18,12,112.197,1,1101.97,180.0,553,52.8,sound,108.83,143.38
zone18,11,82.061,1,800.61,180.0,540,53.49,trial,107.1,144.67
zone18,10,152.976,1,1509.76,180.0,1981,54.17,an_numan_bin_bashir,105.37,145.94
zone18,12,95.955,1,939.55,180.0,528,54.86,build,103.61,147.19
zone18,7,64.86699999999999,1,628.67,180.0,986,55.54,thereupon,101.84,148.42
zone18,9,53.61900000000001,1,516.19,180.0,322,56.23,mat,100.06,149.63
zone18,13,89.493,1,874.93,180.0,758,56.91,curtain,98.26,150.81
zone18,8,62.358000000000004,1,603.58,180.0,536,57.6,level,96.45,151.98
zone18,7,75.08,1,730.80,180.0,1808,58.29,whenever_ibn_umar,94.62,153.12
zone18,9,50.868,1,488.68,180.0,748,58.97,forearm,92.78,154.24
zone18,7,56.003,1,540.03,180.0,410,59.66,kama,90.93,155.34
zone18,10,112.51800000000001,1,1105.18,180.0,451,60.34,west,89.07,156.42
zone18,12,143.383,1,1413.83,180.0,526,61.03,mamar,87.19,157.48
zone18,11,41.09700000000001,1,390.97,180.0,510,61.71,beard,85.3,158.51
zone18,11,284.526,1,2825.26,180.0,734,62.4,khamisa,83.39,159.52
zone18,9,45.42,1,434.20,180.0,656,63.09,attent,81.48,160.5
zone18,7,108.56600000000002,1,1065.66,180.0,1672,63.77,jabir_bin_samura,79.55,161.47
zone18,8,197.394,1,1953.94,180.0,292,64.46,aba,77.61,162.41
zone18,8,108.105,1,1061.05,180.0,921,65.14,al_fatiha,75.66,163.32
zone18,8,155.251,1,1532.51,180.0,1963,65.83,marwan_bin_al_hakam,73.7,164.22
zone18,7,36.041000000000004,1,340.41,180.0,559,66.51,posit,71.73,165.09
zone18,10,90.688,1,886.88,180.0,533,67.2,aloud,69.75,165.94
zone18,10,99.102,1,971.02,180.0,532,67.89,devil,67.76,166.76
zone18,10,65.477,1,634.77,180.0,429,68.57,path,65.76,167.56
zone18,7,134.595,1,1325.95,180.0,521,69.26,basra,63.75,168.33
zone18,7,50.403,1,484.03,180.0,419,69.94,knee,61.73,169.08
zone18,8,178.14300000000003,1,1761.43,180.0,573,70.63,qunut,59.7,169.81
zone18,11,163.859,1,1618.59,180.0,545,71.31,yazid,57.67,170.51
zone18,8,49.103,1,471.03,180.0,545,72.0,white,55.62,171.19
zone18,10,131.68699999999998,1,1296.87,180.0,456,72.69,wont,53.57,171.84
zone18,10,144.22400000000002,1,1422.24,180.0,1049,73.37,tashah_hud,51.51,172.47
zone18,7,81.85000000000001,1,798.50,180.0,833,74.06,as_salam,49.44,173.08
zone18,8,117.187,1,1151.87,180.0,945,74.74,as_siddiq,47.37,173.66
zone18,9,163.07500000000002,1,1610.75,180.0,611,75.43,alaika,45.29,174.21
zone18,11,72.658,1,706.58,180.0,302,76.11,ala,43.2,174.74
zone18,7,43.279,1,412.79,180.0,667,76.8,custom,41.1,175.24
zone18,7,44.330000000000005,1,423.30,180.0,529,77.49,clerk,39.0,175.72
zone18,8,101.31,1,993.10,180.0,1780,78.17,samura_bin_jundab,36.9,176.18
zone18,12,167.526,1,1655.26,180.0,939,78.86,al_juhani,34.79,176.61
zone18,10,174.024,1,1720.24,180.0,944,79.54,hudaibiya,32.67,177.01
zone18,10,49.008,1,470.08,180.0,442,80.23,star,30.55,177.39
zone18,12,119.82400000000001,1,1178.24,180.0,419,80.91,hind,28.42,177.74
zone18,13,230.656,1,2286.56,180.0,425,81.6,uqba,26.29,178.07
zone18,8,64.45599999999999,1,624.56,180.0,529,82.29,speed,24.16,178.37
zone18,10,75.002,1,730.02,180.0,543,82.97,plant,22.03,178.65
zone18,10,84.181,1,821.81,180.0,539,83.66,veget,19.89,178.9
zone18,7,80.70100000000001,1,787.01,180.0,858,84.34,sulaiman,17.74,179.12
zone18,10,136.982,1,1349.82,180.0,930,85.03,ash_shabi,15.6,179.32
zone18,10,50.014,1,480.14,180.0,456,85.71,sort,13.45,179.5
zone18,10,42.903,1,409.03,180.0,761,86.4,qualiti,11.3,179.64
zone18,7,71.182,1,691.82,180.0,447,87.09,know,9.15,179.77
zone18,9,74.32100000000001,1,723.21,180.0,317,87.77,see,7.0,179.86
zone18,7,28.810000000000002,1,268.10,180.0,738,88.46,mankind,4.85,179.93
zone18,10,37.324000000000005,1,353.24,180.0,339,89.14,top,2.69,179.98
zone18,13,120.43299999999999,1,1184.33,180.0,641,89.83,breast,0.54,180.0
zone18,8,66.828,1,648.28,180.0,537,90.51,major,-1.62,179.99
zone18,8,62.357000000000006,1,603.57,180.0,421,91.2,like,-3.77,179.96
zone18,10,68.021,1,660.21,180.0,648,91.89,reason,-5.92,179.9
zone18,13,127.92000000000002,1,1259.20,180.0,655,92.57,murder,-8.08,179.82
zone18,10,132.486,1,1304.86,180.0,1277,93.26,characterist,-10.23,179.71
zone18,8,46.368,1,443.68,180.0,850,93.94,ceremoni,-12.38,179.57
zone18,12,51.120000000000005,1,491.20,180.0,935,94.63,disbelief,-14.53,179.41
zone18,13,73.275,1,712.75,180.0,758,95.31,respect,-16.67,179.23
zone18,7,238.973,1,2369.73,180.0,431,96.0,save,-18.82,179.01
zone18,10,142.776,1,1407.76,180.0,426,96.69,alon,-20.96,178.78
zone18,13,78.663,1,766.63,180.0,309,97.37,lah,-23.09,178.51
zone18,7,41.738,1,397.38,180.0,1068,98.06,obligatori,-25.23,178.22
zone18,7,39.96,1,379.60,180.0,424,98.74,abov,-27.36,177.91
zone18,7,78.756,1,767.56,180.0,653,99.43,doesnt,-29.49,177.57
zone18,8,177.827,1,1758.27,180.0,756,100.11,shuraih,-31.61,177.2
zone18,12,77.655,1,756.55,180.0,765,100.8,subnarr,-33.73,176.81
zone18,11,68.051,1,660.51,180.0,429,101.49,seat,-35.84,176.4
zone18,8,76.522,1,745.22,180.0,536,102.17,paper,-37.95,175.95
zone18,9,102.92200000000001,1,1009.22,180.0,2383,102.86,ubaidullah_bin_abdullah,-40.05,175.49
zone18,8,86.262,1,842.62,180.0,530,103.54,bring,-42.15,175.0
zone18,9,70.617,1,686.17,180.0,546,104.23,event,-44.24,174.48
zone18,7,53.858000000000004,1,518.58,180.0,982,104.91,overnight,-46.33,173.94
zone18,10,67.099,1,650.99,180.0,731,105.6,guidanc,-48.41,173.37
zone18,13,165.615,1,1636.15,180.0,416,106.29,rida,-50.48,172.78
zone18,10,45.286,1,432.86,180.0,658,106.97,throat,-52.54,172.16
zone18,12,82.12400000000001,1,801.24,180.0,1120,107.66,to_ibn_abba,-54.6,171.52
zone18,10,4540.986,1,45389.86,180.0,426,108.34,fish,-56.65,170.85
zone18,9,4022.626,1,40206.26,180.0,927,109.03,al_khadir,-58.69,170.16
zone18,7,62.487,1,604.87,180.0,543,109.71,stalk,-60.72,169.45
zone18,13,156.27100000000002,1,1542.71,180.0,319,110.4,ask,-62.74,168.71
zone18,11,267.656,1,2656.56,180.0,667,111.09,spirit,-64.76,167.95
zone18,13,349.817,1,3478.17,180.0,621,111.77,sadaik,-66.76,167.16
zone18,11,161.961,1,1599.61,180.0,837,112.46,discharg,-68.76,166.35
zone18,7,123.07000000000001,1,1210.70,180.0,535,113.14,resid,-70.74,165.51
zone18,8,55.761,1,537.61,180.0,434,113.83,qarn,-72.72,164.66
zone18,9,52.029,1,500.29,180.0,846,114.51,yalamlam,-74.69,163.77
zone18,12,50.809,1,488.09,180.0,652,115.2,turban,-76.64,162.87
zone18,10,49.881,1,478.81,180.0,788,115.89,trouser,-78.58,161.94
zone18,8,36.642,1,346.42,180.0,751,116.57,saffron,-80.52,160.99
zone18,11,37.548,1,355.48,180.0,422,117.26,ankl,-82.44,160.01
zone18,11,132.853,1,1308.53,180.0,882,117.94,governor,-84.35,159.01
zone18,8,56.661,1,546.61,180.0,1329,118.63,fateh_al_bari,-86.24,157.99
zone18,9,140.501,1,1385.01,180.0,660,119.31,bestow,-88.13,156.95
zone18,8,127.581,1,1255.81,180.0,780,120.0,portent,-90.0,155.88
zone18,11,120.282,1,1182.82,180.0,423,120.69,fill,-91.86,154.8
zone18,9,46.838,1,448.38,180.0,336,121.37,wet,-93.71,153.69
zone18,11,77.72000000000001,1,757.20,180.0,420,122.06,nail,-95.54,152.55
zone18,10,59.86900000000001,1,578.69,180.0,564,122.74,throw,-97.36,151.4
zone18,9,66.602,1,646.02,180.0,517,123.43,pebbl,-99.16,150.22
zone18,9,47.162000000000006,1,451.62,180.0,748,124.11,scholar,-100.95,149.03
zone18,9,67.19,1,651.90,180.0,989,124.8,interpret,-102.73,147.81
zone18,12,162.78300000000002,1,1607.83,180.0,511,125.49,rabia,-104.49,146.57
zone18,13,124.23800000000001,1,1222.38,180.0,1868,126.17,uqba_bin_al_harith,-106.24,145.31
zone18,7,196.429,1,1944.29,180.0,648,126.86,luqata,-107.97,144.02
zone18,8,61.40800000000001,1,594.08,180.0,642,127.54,materi,-109.68,142.72
zone18,10,56.865,1,548.65,180.0,752,128.23,sentenc,-111.38,141.4
zone18,10,131.5,1,1295.00,180.0,1544,128.91,abbas_bin_tamim,-113.07,140.06
zone18,8,64.781,1,627.81,180.0,523,129.6,brick,-114.74,138.69
zone18,11,176.13800000000003,1,1741.38,180.0,810,130.29,al_hijab,-116.39,137.31
zone18,9,201.52100000000002,1,1995.21,180.0,315,130.97,job,-118.02,135.91
zone18,7,155.84400000000002,1,1538.44,180.0,772,131.66,countri,-119.64,134.48
zone18,9,59.025000000000006,1,570.25,180.0,442,132.34,tion,-121.24,133.04
zone18,9,95.81900000000002,1,938.19,180.0,855,133.03,crescent,-122.83,131.58
zone18,7,81.73400000000001,1,797.34,180.0,769,133.71,tarwiya,-124.39,130.1
zone18,10,46.506,1,445.06,180.0,431,134.4,wear,-125.94,128.61
zone18,8,39.195,1,371.95,180.0,318,135.09,ing,-127.47,127.09
zone18,7,68.83500000000001,1,668.35,180.0,405,135.77,abii,-128.98,125.55
zone18,7,112.046,1,1100.46,180.0,646,136.46,havent,-130.47,124.0
zone18,12,258.824,1,2568.24,180.0,761,137.14,cushion,-131.95,122.43
zone18,13,140.11800000000002,1,1381.18,180.0,943,137.83,grandfath,-133.41,120.84
zone18,12,188.336,1,1863.36,180.0,559,138.51,sutra,-134.84,119.24
zone18,7,146.31300000000002,1,1443.13,180.0,959,139.2,al_miswar,-136.26,117.62
zone18,13,86.23400000000001,1,842.34,180.0,755,139.89,inherit,-137.66,115.98
zone18,9,72.339,1,703.39,180.0,797,140.57,support,-139.04,114.32
zone18,10,57.685,1,556.85,180.0,679,141.26,mutton,-140.39,112.65
zone18,9,35.019,1,330.19,180.0,644,141.94,region,-141.73,110.96
zone18,13,323.674,1,3216.74,180.0,549,142.63,sawiq,-143.05,109.26
zone18,8,51.827,1,498.27,180.0,317,143.31,lap,-144.35,107.54
zone18,7,31.218000000000004,1,292.18,180.0,508,144.0,bleed,-145.62,105.8
zone18,7,95.176,1,931.76,180.0,1470,144.69,amr_bin_maimun,-146.88,104.05
zone18,7,58.565,1,565.65,180.0,634,145.37,climat,-148.11,102.29
zone18,11,92.493,1,904.93,180.0,729,146.06,medicin,-149.33,100.51
zone18,8,107.81300000000002,1,1058.13,180.0,826,146.74,al_harra,-150.52,98.71
zone18,7,35.79,1,337.90,180.0,997,147.43,construct,-151.69,96.9
zone18,9,74.269,1,722.69,180.0,662,148.11,butter,-152.84,95.08
zone18,8,34.091,1,320.91,180.0,448,148.8,musk,-153.97,93.24
zone18,7,51.231,1,492.31,180.0,879,149.49,foremost,-155.07,91.4
zone18,11,92.37,1,903.70,180.0,878,150.17,intestin,-156.15,89.53
zone18,11,579.1060000000001,1,5771.06,180.0,521,150.86,haram,-157.21,87.66
zone18,13,89.40100000000001,1,874.01,180.0,538,151.54,teeth,-158.25,85.77
zone18,9,69.947,1,679.47,180.0,452,152.23,root,-159.27,83.87
zone18,12,185.961,1,1839.61,180.0,516,152.91,jafar,-160.26,81.96
zone18,11,98.03200000000001,1,960.32,180.0,424,153.6,dish,-161.23,80.03
zone18,8,48.987,1,469.87,180.0,421,154.29,take,-162.17,78.1
zone18,11,121.697,1,1196.97,180.0,437,154.97,womb,-163.1,76.15
zone18,13,132.96900000000002,1,1309.69,180.0,532,155.66,lhram,-164.0,74.2
zone18,7,56.664,1,546.64,180.0,562,156.34,twelv,-164.87,72.23
zone18,13,198.71300000000002,1,1967.13,180.0,764,157.03,opinion,-165.73,70.25
zone18,12,303.059,1,3010.59,180.0,822,157.71,al_amash,-166.55,68.26
zone18,8,80.78500000000001,1,787.85,180.0,952,158.4,al_khuzai,-167.36,66.26
zone18,12,2.0,1,0.00,180.0,566,159.09,purpos,-168.14,64.25
zone18,10,265.00100000000003,1,2630.01,180.0,726,159.77,abdomen,-168.9,62.24
zone18,9,84.36900000000001,1,823.69,180.0,406,160.46,deal,-169.63,60.21
zone18,9,233.481,1,2314.81,180.0,532,161.14,thigh,-170.34,58.18
zone18,13,125.269,1,1232.69,180.0,536,161.83,light,-171.02,56.14
zone18,8,133.93699999999998,1,1319.37,180.0,317,162.51,sai,-171.68,54.08
zone18,11,135.46400000000003,1,1334.64,180.0,295,163.2,abd,-172.32,52.03
zone18,10,152.413,1,1504.13,180.0,932,163.89,an_najjar,-172.93,49.96
zone18,8,67.94500000000001,1,659.45,180.0,770,164.57,suggest,-173.51,47.89
zone18,13,114.54700000000001,1,1125.47,180.0,870,165.26,forenoon,-174.07,45.81
zone18,7,53.959,1,519.59,180.0,840,165.94,datepalm,-174.61,43.72
zone18,7,69.277,1,672.77,180.0,1777,166.63,hassan_bin_thabit,-175.12,41.63
zone18,12,160.55700000000002,1,1585.57,180.0,638,167.31,hassan,-175.61,39.53
zone18,11,280.652,1,2786.52,180.0,540,168.0,repli,-176.07,37.42
zone18,13,134.68,1,1326.80,180.0,539,168.69,spear,-176.5,35.31
zone18,10,41.478,1,394.78,180.0,568,169.37,usuri,-176.91,33.2
zone18,12,108.94900000000001,1,1069.49,180.0,414,170.06,riba,-177.3,31.08
zone18,10,43.892,1,418.92,180.0,528,170.74,trade,-177.66,28.96
zone18,13,237.925,1,2359.25,180.0,775,171.43,solomon,-177.99,26.83
zone18,7,47.565,1,455.65,180.0,632,172.11,miracl,-178.3,24.7
zone18,12,139.112,1,1371.12,180.0,518,172.8,choic,-178.58,22.56
zone18,7,36.986000000000004,1,349.86,180.0,989,173.49,courtyard,-178.84,20.42
zone18,8,56.19800000000001,1,541.98,180.0,972,174.17,two_rakat,-179.07,18.28
zone18,9,86.68200000000002,1,846.82,180.0,812,174.86,al_batha,-179.28,16.14
zone18,12,142.14100000000002,1,1401.41,180.0,632,175.54,midday,-179.46,13.99
zone18,11,97.84800000000001,1,958.48,180.0,449,176.23,tawu,-179.61,11.84
zone18,12,117.49100000000001,1,1154.91,180.0,422,176.91,farm,-179.74,9.69
zone18,9,69.64800000000001,1,676.48,180.0,312,177.6,act,-179.84,7.54
zone18,8,108.01700000000001,1,1060.17,180.0,1894,178.29,muhammad_bin_sirin,-179.92,5.38
zone18,11,54.18200000000001,1,521.82,180.0,548,178.97,sweat,-179.97,3.23
zone18,10,66.59500000000001,1,645.95,180.0,529,179.66,shape,-180.0,1.08
zone18,7,46.117000000000004,1,441.17,180.0,319,180.34,nap,-180.0,-1.08
zone18,7,1120.367,1,11183.67,180.0,636,181.03,salman,-179.97,-3.23
zone18,10,71.205,1,692.05,180.0,320,181.71,ram,-179.92,-5.38
zone18,7,205.90800000000002,1,2039.08,180.0,725,182.4,chicken,-179.84,-7.54
zone18,9,88.683,1,866.83,180.0,553,183.09,proph,-179.74,-9.69
zone18,11,284.892,1,2828.92,180.0,523,183.77,famin,-179.61,-11.84
zone18,11,46.45400000000001,1,444.54,180.0,324,184.46,oil,-179.46,-13.99
zone18,7,44.138000000000005,1,421.38,180.0,1326,185.14,that_ibn_abba,-179.28,-16.14
zone18,12,109.759,1,1077.59,180.0,544,185.83,parti,-179.07,-18.28
zone18,7,125.23900000000002,1,1232.39,180.0,437,186.51,fitr,-178.84,-20.42
zone18,7,96.912,1,949.12,180.0,532,187.2,buath,-178.58,-22.56
zone18,10,102.269,1,1002.69,180.0,1057,187.89,id_ul_fitr,-178.3,-24.7
zone18,9,51.691,1,496.91,180.0,535,188.57,desir,-177.99,-26.83
zone18,13,127.88499999999999,1,1258.85,180.0,1018,189.26,id_ul_adha,-177.66,-28.96
zone18,10,136.96099999999998,1,1349.61,180.0,755,189.94,expedit,-177.3,-31.08
zone18,11,60.830999999999996,1,588.31,180.0,721,190.63,necklac,-176.91,-33.2
zone18,9,121.59800000000001,1,1195.98,180.0,520,191.31,saddl,-176.5,-35.31
zone18,8,690.407,1,6884.07,180.0,916,192.0,al_hajjaj,-176.07,-37.42
zone18,9,53.33,1,513.30,180.0,327,192.69,ten,-175.61,-39.53
zone18,8,90.77600000000001,1,887.76,180.0,429,193.37,dhul,-175.12,-41.63
zone18,7,49.054,1,470.54,180.0,215,194.06,er,-174.61,-43.72
zone18,8,111.081,1,1090.81,180.0,766,194.74,istisqa,-174.07,-45.81
zone18,9,47.93600000000001,1,459.36,180.0,664,195.43,extent,-173.51,-47.89
zone18,11,281.708,1,2797.08,180.0,543,196.11,smoke,-172.93,-49.96
zone18,13,255.69400000000002,1,2536.94,180.0,649,196.8,hunger,-172.32,-52.03
zone18,8,96.94800000000001,1,949.48,180.0,1858,197.49,abdullah_bin_dinar,-171.68,-54.08
zone18,12,239.989,1,2379.89,180.0,554,198.17,widow,-171.02,-56.14
zone18,12,166.53900000000002,1,1645.39,180.0,866,198.86,muttalib,-170.34,-58.18
zone18,10,205.365,1,2033.65,180.0,980,199.54,livestock,-169.63,-60.21
zone18,7,89.243,1,872.43,180.0,422,200.23,road,-168.9,-62.24
zone18,7,191.49400000000003,1,1894.94,180.0,550,200.91,wrath,-168.14,-64.25
zone18,9,120.105,1,1181.05,180.0,197,201.6,ad,-167.36,-66.26
zone18,12,213.147,1,2111.47,180.0,443,202.29,ursa,-166.55,-68.26
zone18,9,119.66500000000002,1,1176.65,180.0,554,202.97,hurri,-165.73,-70.25
zone18,9,108.024,1,1060.24,180.0,515,203.66,laila,-164.87,-72.23
zone18,10,61.212,1,592.12,180.0,206,204.34,ma,-164.0,-74.2
zone18,7,41.050000000000004,1,390.50,180.0,443,205.03,wish,-163.1,-76.15
zone18,7,129.978,1,1279.78,180.0,933,205.71,al_ashath,-162.17,-78.1
zone18,8,89.299,1,872.99,180.0,409,206.4,asad,-161.23,-80.03
zone18,9,209.41500000000002,1,2074.15,180.0,1960,207.09,abdullah_bin_rawaha,-160.26,-81.96
zone18,13,294.87600000000003,1,2928.76,180.0,536,207.77,tamim,-159.27,-83.87
zone18,9,422.35699999999997,1,4203.57,180.0,870,208.46,thousand,-158.25,-85.77
zone18,9,2.0,1,0.00,180.0,406,209.14,occas,-157.21,-87.66
zone18,8,48.227000000000004,1,462.27,180.0,430,209.83,tank,-156.15,-89.53
zone18,9,74.616,1,726.16,180.0,1052,210.51,al_kauthar,-155.07,-91.4
zone18,7,92.51400000000001,1,905.14,180.0,528,211.2,maula,-153.97,-93.24
zone18,8,158.721,1,1567.21,180.0,1457,211.89,zaid_bin_arqam,-152.84,-95.08
zone18,8,62.768,1,607.68,180.0,412,212.57,bank,-151.69,-96.9
zone18,7,46.606,1,446.06,180.0,986,213.26,yesterday,-150.52,-98.71
zone18,9,147.31199999999998,1,1453.12,180.0,539,213.94,theft,-149.33,-100.51
zone18,8,51.919000000000004,1,499.19,180.0,764,214.63,sneezer,-148.11,-102.29
zone18,8,60.321000000000005,1,583.21,180.0,428,215.31,tear,-146.88,-104.05
zone18,11,201.40300000000002,1,1994.03,180.0,1953,216.0,khalid_bin_al_walid,-145.62,-105.8
zone18,11,103.83200000000001,1,1018.32,180.0,434,216.69,sidr,-144.35,-107.54
zone18,12,106.61700000000002,1,1046.17,180.0,763,217.37,yemenit,-143.05,-109.26
zone18,7,37.462,1,354.62,180.0,663,218.06,cotton,-141.73,-110.96
zone18,10,99.418,1,974.18,180.0,651,218.74,inform,-140.39,-112.65
zone18,13,77.908,1,759.08,180.0,450,219.43,type,-139.04,-114.32
zone18,8,151.26500000000001,1,1492.65,180.0,429,220.11,burd,-137.66,-115.98
zone18,8,113.15,1,1111.50,180.0,512,220.8,cheek,-136.26,-117.62
zone18,9,72.82000000000001,1,708.20,180.0,510,221.49,calam,-134.84,-119.24
zone18,12,303.365,1,3013.65,180.0,754,222.17,messeng,-133.41,-120.84
zone18,8,63.33200000000001,1,613.32,180.0,797,222.86,al_baida,-131.95,-122.43
zone18,7,60.08500000000001,1,580.85,180.0,654,223.54,travel,-130.47,-124.0
zone18,10,69.188,1,671.88,180.0,432,224.23,live,-128.98,-125.55
zone18,8,479.49600000000004,1,4774.96,180.0,956,224.91,one_third,-127.47,-127.09
zone18,9,94.74600000000001,1,927.46,180.0,1058,225.6,blacksmith,-125.94,-128.61
zone18,7,70.602,1,686.02,180.0,1450,226.29,rahman_bin_auf,-124.39,-130.1
zone18,13,440.17900000000003,1,4381.79,180.0,1324,226.97,sad_bin_ubada,-122.83,-131.58
zone18,10,126.94300000000001,1,1249.43,180.0,1664,227.66,zaid_bin_haritha,-121.24,-133.04
zone18,8,80.777,1,787.77,180.0,425,228.34,citi,-119.64,-134.48
zone18,7,57.992999999999995,1,559.93,180.0,735,229.03,inhabit,-118.02,-135.91
zone18,7,115.27100000000002,1,1132.71,180.0,1242,229.71,ash_shaibani,-116.39,-137.31
zone18,10,369.724,1,3677.24,180.0,425,230.4,amir,-114.74,-138.69
zone18,11,70.50800000000001,1,685.08,180.0,517,231.09,femal,-113.07,-140.06
zone18,13,114.73900000000002,1,1127.39,180.0,1183,231.77,predecessor,-111.38,-141.4
zone18,10,105.498,1,1034.98,180.0,752,232.46,kauthar,-109.68,-142.72
zone18,12,52.929,1,509.29,180.0,1022,233.14,prostitut,-107.97,-144.02
zone18,12,114.89300000000001,1,1128.93,180.0,430,233.83,firm,-106.24,-145.31
zone18,9,79.28500000000001,1,772.85,180.0,416,234.51,hear,-104.49,-146.57
zone18,7,65.612,1,636.12,180.0,830,235.2,al_masih,-102.73,-147.81
zone18,13,167.352,1,1653.52,180.0,424,235.89,hole,-100.95,-149.03
zone18,9,180.16600000000003,1,1781.66,180.0,504,236.57,lahab,-99.16,-150.22
zone18,10,133.81400000000002,1,1318.14,180.0,425,237.26,sacr,-97.36,-151.4
zone18,7,63.963,1,619.63,180.0,631,237.94,object,-95.54,-152.55
zone18,11,85.049,1,830.49,180.0,528,238.63,thief,-93.71,-153.69
zone18,11,342.18100000000004,1,3401.81,180.0,624,239.31,depend,-91.86,-154.8
zone18,10,77.497,1,754.97,180.0,538,240.0,spend,-90.0,-155.88
zone18,12,154.933,1,1529.33,180.0,1562,240.69,hakim_bin_hizam,-88.13,-156.95
zone18,13,73.402,1,714.02,180.0,544,241.37,miser,-86.24,-157.99
zone18,8,70.60700000000001,1,686.07,180.0,766,242.06,payment,-84.35,-159.01
zone18,8,63.144000000000005,1,611.44,180.0,443,242.74,whom,-82.44,-160.01
zone18,7,73.829,1,718.29,180.0,332,243.43,cut,-80.52,-160.99
zone18,11,49.514,1,475.14,180.0,530,244.11,flesh,-78.58,-161.94
zone18,10,114.91700000000002,1,1129.17,180.0,555,244.8,write,-76.64,-162.87
zone18,9,192.883,1,1908.83,180.0,1636,245.49,al_hasan_bin_ali,-74.69,-163.77
zone18,12,2986.669,1,29846.69,180.0,313,246.17,sea,-72.72,-164.66
zone18,10,170.601,1,1686.01,180.0,860,246.86,creditor,-70.74,-165.51
zone18,12,215.961,1,2139.61,180.0,707,247.54,al_fadl,-68.76,-166.35
zone18,7,146.596,1,1445.96,180.0,2184,248.23,al_qasim_bin_muhammad,-66.76,-167.16
zone18,11,100.955,1,989.55,180.0,764,248.91,pleasur,-64.76,-167.95
zone18,8,83.334,1,813.34,180.0,540,249.6,miqat,-62.74,-168.71
zone18,9,65.44200000000001,1,634.42,180.0,826,250.29,al_juhfa,-60.72,-169.45
zone18,7,2.0,1,0.00,180.0,560,250.97,provis,-58.69,-170.16
zone18,7,91.808,1,898.08,180.0,1427,251.66,tawaf_al_ifada,-56.65,-170.85
zone18,7,90.512,1,885.12,180.0,426,252.34,rode,-54.6,-171.52
zone18,11,115.82000000000001,1,1138.20,180.0,425,253.03,budn,-52.54,-172.16
zone18,9,270.96,1,2689.60,180.0,599,253.71,badana,-50.48,-172.78
zone18,7,150.34900000000002,1,1483.49,180.0,1584,254.4,hajj_at_tamattu,-48.41,-173.37
zone18,10,92.09800000000001,1,900.98,180.0,970,255.09,sanctuari,-46.33,-173.94
zone18,7,87.29500000000002,1,852.95,180.0,729,255.77,al_hijr,-44.24,-174.48
zone18,8,49.738,1,477.38,180.0,317,256.46,gog,-42.15,-175.0
zone18,8,49.738,1,477.38,180.0,523,257.14,magog,-40.05,-175.49
zone18,13,96.003,1,940.03,180.0,509,257.83,black,-37.95,-175.95
zone18,11,84.861,1,828.61,180.0,542,258.51,enter,-35.84,-176.4
zone18,7,63.667,1,616.67,180.0,525,259.2,ramal,-33.73,-176.81
zone18,7,60.39,1,583.90,180.0,663,259.89,string,-31.61,-177.2
zone18,8,526.7479999999999,1,5247.48,180.0,751,260.57,zam_zam,-29.49,-177.57
zone18,11,230.291,1,2282.91,180.0,718,261.26,as_safa,-27.36,-177.91
zone18,9,197.668,1,1956.68,180.0,836,261.94,al_marwa,-25.23,-178.22
zone18,7,80.76100000000001,1,787.61,180.0,1349,262.63,amr_bin_dinar,-23.09,-178.51
zone18,8,126.043,1,1240.43,180.0,312,263.31,jam,-20.96,-178.78
zone18,12,123.84100000000001,1,1218.41,180.0,424,264.0,lash,-18.82,-179.01
zone18,8,113.38499999999999,1,1113.85,180.0,2300,264.69,abdur_rahman_bin_yazid,-16.67,-179.23
zone18,12,142.455,1,1404.55,180.0,649,265.37,treati,-14.53,-179.41
zone18,8,44.661,1,426.61,180.0,729,266.06,garland,-12.38,-179.57
zone18,12,309.53400000000005,1,3075.34,180.0,1051,266.74,ubaidullah,-10.23,-179.71
zone18,10,89.751,1,877.51,180.0,413,267.43,lice,-8.08,-179.82
zone18,7,56.68,1,546.80,180.0,621,268.11,leader,-5.92,-179.9
zone18,8,53.721000000000004,1,517.21,180.0,640,268.8,heresi,-3.77,-179.96
zone18,8,97.531,1,955.31,180.0,512,269.49,rajab,-1.62,-179.99
zone18,9,215.65800000000002,1,2136.58,180.0,2067,270.17,abdur_rahman_bin_abu,0.54,-180.0
zone18,11,179.34500000000003,1,1773.45,180.0,421,270.86,onag,2.69,-179.98
zone18,8,39.939,1,379.39,180.0,412,271.54,feel,4.85,-179.93
zone18,8,68.784,1,667.84,180.0,877,272.23,scorpion,7.0,-179.86
zone18,8,92.506,1,905.06,180.0,855,272.91,ghazawat,9.15,-179.77
zone18,12,138.684,1,1366.84,180.0,739,273.6,idhkhir,11.3,-179.64
zone18,7,150.42000000000002,1,1484.20,180.0,737,274.29,haritha,13.45,-179.5
zone18,7,57.791,1,557.91,180.0,759,274.97,shelter,15.6,-179.32
zone18,9,100.686,1,986.86,180.0,621,275.66,shaban,17.74,-179.12
zone18,13,119.87700000000001,1,1178.77,180.0,749,276.34,account,19.89,-178.9
zone18,10,59.84400000000001,1,578.44,180.0,437,277.03,look,22.03,-178.65
zone18,13,83.44800000000001,1,814.48,180.0,328,277.71,cup,24.16,-178.37
zone18,9,83.075,1,810.75,180.0,619,278.4,defect,26.29,-178.07
zone18,11,2.0,1,0.00,180.0,524,279.09,al_wis,28.42,-177.74
zone18,13,163.08800000000002,1,1610.88,180.0,348,279.77,vow,30.55,-177.39
zone18,12,107.708,1,1057.08,180.0,419,280.46,bond,32.67,-177.01
zone18,13,124.729,1,1227.29,180.0,1184,281.14,brotherhood,34.79,-176.61
zone18,7,96.231,1,942.31,180.0,1535,281.83,sad_bin_ar_rabi,36.9,-176.18
zone18,7,73.615,1,716.15,180.0,763,282.51,custodi,39.0,-175.72
zone18,7,174.52100000000002,1,1725.21,180.0,1240,283.2,abu_bin_zama,41.1,-175.24
zone18,12,73.489,1,714.89,180.0,732,283.89,caravan,43.2,-174.74
zone18,8,73.209,1,712.09,180.0,415,284.57,gain,45.29,-174.21
zone18,11,61.375,1,593.75,180.0,635,285.26,credit,47.37,-173.66
zone18,13,67.142,1,651.42,180.0,545,285.94,armor,49.44,-173.08
zone18,8,38.096,1,360.96,180.0,315,286.63,fat,51.51,-172.47
zone18,7,85.955,1,839.55,180.0,533,287.31,whenc,53.57,-171.84
zone18,11,2.0,1,0.00,180.0,512,288.0,benefic,55.62,-171.19
zone18,8,127.209,1,1252.09,180.0,545,288.69,gourd,57.67,-170.51
zone18,13,242.506,1,2405.06,180.0,657,289.37,matron,59.7,-169.81
zone18,10,85.291,1,832.91,180.0,1083,290.06,comparison,61.73,-169.08
zone18,10,285.549,1,2835.49,180.0,749,290.74,thereof,63.75,-168.33
zone18,8,99.025,1,970.25,180.0,657,291.43,kuniya,65.76,-167.56
zone18,10,112.59400000000001,1,1105.94,180.0,427,292.11,meet,67.76,-166.76
zone18,13,85.481,1,834.81,180.0,763,292.8,manumit,69.75,-165.94
zone18,7,116.048,1,1140.48,180.0,847,293.49,muzabana,71.73,-165.09
zone18,9,40.736000000000004,1,387.36,180.0,622,294.17,forbad,73.7,-164.22
zone18,9,108.49400000000001,1,1064.94,180.0,526,294.86,araya,75.66,-163.32
zone18,13,1742.921,1,17409.21,180.0,431,295.54,rock,77.61,-162.41
zone18,10,58.784000000000006,1,567.84,180.0,621,296.23,advanc,79.55,-161.47
zone18,9,91.29,1,892.90,180.0,526,296.91,salam,81.48,-160.5
zone18,10,155.659,1,1536.59,180.0,558,297.6,tooth,83.39,-159.52
zone18,13,107.007,1,1050.07,180.0,556,298.29,oppon,85.3,-158.51
zone18,7,40.643,1,386.43,180.0,980,298.97,treatment,87.19,-157.48
zone18,11,161.79500000000002,1,1597.95,180.0,562,299.66,ruqya,89.07,-156.42
zone18,11,83.53300000000002,1,815.33,180.0,535,300.34,yield,90.93,-155.34
zone18,7,76.288,1,742.88,180.0,660,301.03,convey,92.78,-154.24
zone18,8,982.197,1,9801.97,180.0,646,301.71,umaiya,94.62,-153.12
zone18,7,41.566,1,395.66,180.0,417,302.4,seed,96.45,-151.98
zone18,13,301.911,1,2999.11,180.0,529,303.09,gener,98.26,-150.81
zone18,9,174.506,1,1725.06,180.0,556,303.77,sourc,100.06,-149.63
zone18,10,2814.6450000000004,1,28126.45,180.0,739,304.46,ishmael,101.84,-148.42
zone18,13,90.76400000000001,1,887.64,180.0,518,305.14,claim,103.61,-147.19
zone18,8,51.701,1,497.01,180.0,665,305.83,disput,105.37,-145.94
zone18,9,65.522,1,635.22,180.0,726,306.51,charact,107.1,-144.67
zone18,9,121.758,1,1197.58,180.0,514,307.2,saida,108.83,-143.38
zone18,13,265.423,1,2634.23,180.0,614,307.89,ubaida,110.54,-142.06
zone18,8,60.967999999999996,1,589.68,180.0,656,308.57,ransom,112.23,-140.73
zone18,7,138.881,1,1368.81,180.0,754,309.26,hawazin,113.9,-139.38
zone18,11,280.322,1,2783.22,180.0,667,309.94,prison,115.56,-138.0
zone18,8,76.2,1,742.00,180.0,862,310.63,contract,117.21,-136.61
zone18,13,132.308,1,1303.08,180.0,647,311.31,nephew,118.83,-135.2
zone18,10,320.47900000000004,1,3184.79,180.0,1342,312.0,sad_bin_muadh,120.44,-133.77
zone18,8,237.775,1,2357.75,180.0,515,312.69,rifaa,122.04,-132.32
zone18,7,127.156,1,1251.56,180.0,968,313.37,al_qurazi,123.61,-130.85
zone18,9,70.127,1,681.27,180.0,639,314.06,reveal,125.17,-129.36
zone18,13,149.32500000000002,1,1473.25,180.0,331,314.74,woe,126.71,-127.85
zone18,12,288.502,1,2865.02,180.0,426,315.43,judg,128.23,-126.32
zone18,7,132.702,1,1307.02,180.0,1634,316.11,abdullah_bin_kab,129.73,-124.78
zone18,8,102.135,1,1001.35,180.0,428,316.8,hope,131.21,-123.22
zone18,9,76.89800000000001,1,748.98,180.0,892,317.49,instruct,132.68,-121.64
zone18,8,148.381,1,1463.81,180.0,986,318.17,successor,134.13,-120.04
zone18,12,92.378,1,903.78,180.0,431,318.86,omen,135.55,-118.43
zone18,9,235.166,1,2331.66,180.0,629,319.54,archer,136.96,-116.8
zone18,8,287.402,1,2854.02,180.0,551,320.23,invok,138.35,-115.15
zone18,11,144.537,1,1425.37,180.0,828,320.91,an_nadir,139.72,-113.49
zone18,10,629.2170000000001,1,6272.17,180.0,623,321.6,caesar,141.06,-111.81
zone18,9,114.74400000000001,1,1127.44,180.0,818,322.29,al_ahzab,142.39,-110.11
zone18,8,82.693,1,806.93,180.0,879,322.97,byzantin,143.7,-108.4
zone18,7,44.742000000000004,1,427.42,180.0,617,323.66,defeat,144.99,-106.67
zone18,7,58.822,1,568.22,180.0,453,324.34,suit,146.25,-104.93
zone18,11,396.25,1,3942.50,180.0,765,325.03,khosrau,147.5,-103.17
zone18,8,89.90700000000001,1,879.07,180.0,428,325.71,cook,148.72,-101.4
zone18,8,270.264,1,2682.64,180.0,437,326.4,wing,149.93,-99.61
zone18,7,41.46600000000001,1,394.66,180.0,432,327.09,lazi,151.11,-97.81
zone18,8,99.24900000000001,1,972.49,180.0,640,327.77,fatigu,152.27,-95.99
zone18,7,67.665,1,656.65,180.0,548,328.46,drunk,153.4,-94.16
zone18,8,77.34500000000001,1,753.45,180.0,1086,329.14,complexion,154.52,-92.32
zone18,11,2.0,1,0.00,180.0,414,329.83,decre,155.61,-90.47
zone18,8,67.73200000000001,1,657.32,180.0,434,330.51,span,156.69,-88.6
zone18,7,37.848000000000006,1,358.48,180.0,434,331.2,clot,157.74,-86.72
zone18,7,34.042,1,320.42,180.0,754,331.89,wherein,158.76,-84.82
zone18,7,38.771,1,367.71,180.0,540,332.57,fault,159.77,-82.92
zone18,7,38.253,1,362.53,180.0,633,333.26,height,160.75,-81.0
zone18,8,89.58300000000001,1,875.83,180.0,1647,333.94,abdullah_bin_qai,161.7,-79.07
zone18,10,538.216,1,5362.16,180.0,513,334.63,magic,162.64,-77.13
zone18,7,45.099000000000004,1,430.99,180.0,532,335.31,pride,163.55,-75.18
zone18,13,363.50700000000006,1,3615.07,180.0,1858,336.0,abdullah_bin_salam,164.44,-73.21
zone18,7,32.97,1,309.70,180.0,528,336.69,crime,165.3,-71.24
zone18,10,562.361,1,5603.61,180.0,422,337.37,noah,166.14,-69.26
zone18,10,106.577,1,1045.77,180.0,438,338.06,tone,166.96,-67.26
zone18,10,39.908,1,379.08,180.0,536,338.74,index,167.75,-65.26
zone18,7,2.0,1,0.00,180.0,522,339.43,ascens,168.52,-63.25
zone18,8,43.71600000000001,1,417.16,180.0,528,340.11,drank,169.27,-61.23
zone18,7,52.19,1,501.90,180.0,739,340.8,pharaoh,169.99,-59.2
zone18,9,79.267,1,772.67,180.0,636,341.49,tharid,170.68,-57.16
zone18,7,90.06700000000001,1,880.67,180.0,1566,342.17,jonah_bin_matta,171.36,-55.11
zone18,9,234.54600000000002,1,2325.46,180.0,876,342.86,mastigur,172.0,-53.06
zone18,7,94.291,1,922.91,180.0,648,343.54,jundub,172.63,-50.99
zone18,7,115.72500000000001,1,1137.25,180.0,625,344.23,ghifar,173.22,-48.92
zone18,8,136.181,1,1341.81,180.0,302,344.91,adi,173.8,-46.85
zone18,12,89.71000000000001,1,877.10,180.0,506,345.6,dibaj,174.34,-44.76
zone18,9,311.45500000000004,1,3094.55,180.0,854,346.29,casualti,174.87,-42.67
zone18,12,142.53,1,1405.30,180.0,622,346.97,behold,175.37,-40.58
zone18,11,100.791,1,987.91,180.0,757,347.66,patient,175.84,-38.48
zone18,7,53.93300000000001,1,519.33,180.0,520,348.34,qasab,176.29,-36.37
zone18,13,2.0,1,0.00,180.0,326,349.03,sens,176.71,-34.26
zone18,9,113.58,1,1115.80,180.0,1476,349.71,musab_bin_umar,177.11,-32.14
zone18,8,333.54600000000005,1,3315.46,180.0,1059,350.4,difficulti,177.48,-30.02
zone18,7,49.289,1,472.89,180.0,655,351.09,warner,177.83,-27.89
zone18,10,97.98400000000001,1,959.84,180.0,777,351.77,torment,178.15,-25.76
zone18,7,343.877,1,3418.77,180.0,2797,352.46,abdullah_bin_ubai_bin_salul,178.44,-23.63
zone18,8,50.632000000000005,1,486.32,180.0,757,353.14,miserli,178.71,-21.49
zone18,8,149.222,1,1472.22,180.0,529,353.83,dharr,178.96,-19.35
zone18,9,73.62100000000001,1,716.21,180.0,989,354.51,suspicion,179.18,-17.21
zone18,8,131.06900000000002,1,1290.69,180.0,758,355.2,safiyya,179.37,-15.06
zone18,10,515.682,1,5136.82,180.0,542,355.89,hound,179.54,-12.91
zone18,7,62.05700000000001,1,600.57,180.0,448,356.57,unit,179.68,-10.76
zone18,7,101.19200000000001,1,991.92,180.0,650,357.26,tiyara,179.79,-8.61
zone18,8,186.083,1,1840.83,180.0,745,357.94,as_samu,179.88,-6.46
zone18,13,195.306,1,1933.06,180.0,1064,358.63,lake_fount,179.95,-4.31
zone18,8,52.331,1,503.31,180.0,663,359.31,stripe,179.99,-2.15
