cluster,global_distance,global_tfidf,local_distance,radious,word
1,884,0.0011092481,0,884.0,dhul_qaada
1,884,0.0011092481,0,884.0,pharoah
1,884,0.0011092481,0,884.0,luck
1,849,0.0277151770,91,853.8629866670648,ear
1,883,0.0021077134,50,884.4144955845081,two_third
1,876,0.0080044160,55,877.724899954422,zuraiq
1,884,0.0011092481,0,884.0,bani_ad_dil
1,884,0.0011092481,0,884.0,yakhsifan
1,884,0.0011092481,0,884.0,zar
1,884,0.0011092481,0,884.0,dhi_l_hiija
1,878,0.0073589092,85,882.1048690490264,palat
1,700,0.1367213109,82,704.7864924925846,year
1,880,0.0057549869,80,883.6288813749809,rat
1,852,0.0238325049,72,855.0368413115309,usama
1,867,0.0184389757,77,870.4125458654648,earn
1,883,0.0021077134,50,884.4144955845081,headach
1,879,0.0056286338,66,881.474333148731,bell
1,747,0.1091453712,79,751.1657606680433,daughter
1,862,0.0300214200,73,865.0855449029305,inherit
1,871,0.0116758341,85,875.1377034501485,maktum
1,880,0.0047958224,80,883.6288813749809,epidem
1,884,0.0011092481,0,884.0,remedi
1,855,0.0220444927,86,859.3142614899394,lah
1,884,0.0011092481,0,884.0,precinct
1,856,0.0288325404,96,861.3663564360986,la
1,884,0.0011092481,0,884.0,as
1,820,0.0650530649,80,823.8931969618392,worship
1,857,0.0290131635,92,861.9240105716976,third
1,858,0.0202154714,92,862.9183043602679,israel
1,840,0.0401732131,82,843.9928909653208,portion
1,883,0.0021077134,50,884.4144955845081,hum
1,868,0.0137543741,82,871.8646683975674,wash
1,872,0.0126512010,92,876.8397801194925,event
1,883,0.0031615701,0,883.0,notic
1,851,0.0244200605,88,855.5378425294816,muawiya
1,792,0.0670762425,69,795.0,bath
1,762,0.0779967687,86,766.8376620902236,journey
1,833,0.0489547558,55,834.8137516835716,bed
1,882,0.0030436677,66,884.4659405539594,nafr
1,811,0.0706237516,93,816.3148902231295,heaven
1,884,0.0011092481,0,884.0,az_zuhrl
1,871,0.0141777985,78,874.4855630597912,sweat
1,884,0.0011092481,0,884.0,subhanaka
1,861,0.0443237871,95,866.2251439435362,slaughter
1,873,0.0102424493,83,876.9367137941027,citi
1,883,0.0021077134,50,884.4144955845081,alabba
1,836,0.0548999010,93,841.1569413611231,amongst
1,883,0.0021077134,0,883.0,guilt
1,758,0.1065956550,72,761.4118465062124,husband
1,876,0.0168982115,77,879.3776208205437,line
1,880,0.0047958224,0,880.0,commenc
1,880,0.0047958224,40,880.9086218218097,instal
1,849,0.0255832403,91,853.8629866670648,ibrahim
1,873,0.0102424493,91,877.7300268305739,yahya
1,884,0.0011092481,0,884.0,rate
1,882,0.0030436677,66,884.4659405539594,bunch
1,881,0.0039362872,25,881.3546391776695,storekeep
1,881,0.0039362872,0,881.0,halqa
1,880,0.0067141513,60,882.0430828479979,respit
1,873,0.0136565991,91,877.7300268305739,veget
1,873,0.0102424493,83,876.9367137941027,whenc
1,882,0.0030436677,0,882.0,ghassan
1,834,0.0338718013,74,837.2765373519075,asma
1,883,0.0031615701,50,884.4144955845081,pardon
1,884,0.0011092481,0,884.0,endur
1,884,0.0011092481,0,884.0,qada
1,867,0.0144305028,94,872.0808448762076,ubai
1,872,0.0109643742,0,872.0,ursa
1,884,0.0011092481,0,884.0,loom
1,755,0.1210342042,88,760.1111760788681,angel
1,871,0.0150117866,71,873.8890089708188,concern
1,883,0.0021077134,50,884.4144955845081,uqiyya
1,882,0.0060873353,66,884.4659405539594,howdah
1,880,0.0047958224,80,883.6288813749809,midst
1,866,0.0174831210,57,867.8738387576849,ailment
1,884,0.0022184962,0,884.0,mad
1,858,0.0321950101,81,861.8149453333934,present
1,883,0.0021077134,50,884.4144955845081,agoni
1,877,0.0090377307,75,880.2011133826178,delay
1,856,0.0399219791,89,860.6143154747078,work
1,870,0.0132027425,73,873.0572718899946,extent
1,884,0.0011092481,0,884.0,manarh
1,865,0.0157604399,65,867.438758645243,rabbana
1,866,0.0150990590,73,869.071343446555,abdullah_bin_az_zubair
1,843,0.0393365668,97,848.5623135633588,left
1,880,0.0095916448,40,880.9086218218097,resembl
1,846,0.0797994390,97,851.54271766013,rain
1,875,0.0087635904,60,877.05473033329,al_baida
1,884,0.0011092481,0,884.0,albaida
1,879,0.0065667395,83,882.9099614343469,idea
1,881,0.0049203590,75,884.1866318826586,myself
1,856,0.0362254995,96,861.3663564360986,river
1,873,0.0221919735,83,876.9367137941027,wear
1,884,0.0011092481,0,884.0,muauwid
1,772,0.0696148392,94,777.7017423151372,compani
1,819,0.0446965448,84,823.2964229243316,ignor
1,845,0.0278648709,87,849.4668916444007,allahumma
1,882,0.0030436677,66,884.4659405539594,hibra
1,864,0.0203233368,95,869.2071099571149,hunger
1,841,0.0410342700,90,845.8019862828415,sleep
1,879,0.0056286338,83,882.9099614343469,grief
1,858,0.0314462889,96,863.3539251083532,victori
1,871,0.0141777985,85,875.1377034501485,shape
1,858,0.0396822217,74,861.185229785091,perform
1,883,0.0021077134,50,884.4144955845081,laqisat
1,878,0.0091986365,57,879.8482823760014,flank
1,876,0.0080044160,66,878.4827829843906,satisfact
1,870,0.0132027425,66,872.4998567335126,oil
1,882,0.0030436677,66,884.4659405539594,suhaib
1,881,0.0039362872,50,882.4177015450223,abdullah_bin_azzubair
1,884,0.0011092481,0,884.0,_bin_azzubair
1,878,0.0064390455,57,879.8482823760014,hassan_bin_thabit
1,884,0.0011092481,0,884.0,thami
1,767,0.0650244471,84,771.5860289041009,salama
1,876,0.0088937955,88,880.4089958649901,treatment
1,851,0.0495583580,73,854.12528355037,smell
1,884,0.0011092481,0,884.0,ursa_bin_azzubair
1,880,0.0047958224,80,883.6288813749809,awaq
1,884,0.0011092481,0,884.0,abdur_rahman_bin_al_hakam
1,875,0.0087635904,70,877.7955342789116,glitter
1,841,0.0499250285,88,845.5915089450698,harm
1,879,0.0056286338,83,882.9099614343469,expector
1,876,0.0097831751,77,879.3776208205437,obligatori
1,884,0.0011092481,0,884.0,favorit
1,793,0.0537954156,80,797.0250937078456,fajr
1,879,0.0056286338,83,882.9099614343469,hill
1,884,0.0011092481,0,884.0,hither
1,864,0.0242316708,90,868.6748528649831,cow
1,883,0.0021077134,50,884.4144955845081,enough
1,866,0.0150990590,89,870.5613131767343,sadaqa
1,883,0.0031615701,50,884.4144955845081,fore_fath
1,884,0.0011092481,0,884.0,against_ibn_zubair
1,881,0.0039362872,0,881.0,arfida
1,880,0.0057549869,80,883.6288813749809,foretel
1,876,0.0097831751,88,880.4089958649901,think
1,884,0.0011092481,0,884.0,at_ibn_az_zubair
1,884,0.0011092481,0,884.0,oneself
1,867,0.0144305028,88,871.4545312292547,mat
1,843,0.0420970276,90,847.7906581226288,dust
1,835,0.0333402855,98,840.7312293474057,abdullah_bin_amr
1,883,0.0021077134,0,883.0,non_travel
1,844,0.0284265200,82,847.9740562069102,arafat
1,882,0.0050727794,0,882.0,length
1,876,0.0097831751,88,880.4089958649901,root
1,867,0.0144305028,66,869.5084818447718,ethiopia
1,567,0.2314883464,87,573.6357729430758,till
1,882,0.0030436677,66,884.4659405539594,occup
1,884,0.0011092481,0,884.0,__nay
1,787,0.1999385360,88,791.9046659794346,fast
1,872,0.0109643742,84,876.0365289187432,jafar
1,838,0.0513066700,80,841.8099547997755,pot
1,808,0.0468746400,88,812.777952456881,isha
1,824,0.0448086931,80,827.8743866070504,age
1,783,0.1044528611,93,788.5036461551715,drink
1,884,0.0011092481,0,884.0,khasafat
1,883,0.0021077134,50,884.4144955845081,gin
1,884,0.0011092481,0,884.0,that_ibn_zubair
1,873,0.0102424493,58,874.9245681771657,as_safa
1,829,0.0390966571,92,834.0893237537572,who
1,883,0.0021077134,50,884.4144955845081,pen
1,884,0.0011092481,0,884.0,adhabil_qabri
1,847,0.0281381518,97,852.5362162395214,etc
1,852,0.0274434905,78,855.5629725508228,make
1,884,0.0011092481,0,884.0,wheat_bread
1,879,0.0056286338,83,882.9099614343469,martyrdom
1,809,0.0769260641,92,814.2143452433149,allegi
1,882,0.0040582235,66,884.4659405539594,lillah
1,881,0.0039362872,75,884.1866318826586,ration
1,519,0.1453740793,87,526.2413894782508,medina
1,881,0.0039362872,75,884.1866318826586,disgust
1,865,0.0157604399,80,868.691544795965,kith
1,884,0.0011092481,0,884.0,stupor
1,884,0.0011092481,0,884.0,alaihi_s_salam
1,876,0.0088937955,88,880.4089958649901,moment
1,884,0.0011092481,0,884.0,khalid_ibn_said_bin_al_a
1,884,0.0011092481,0,884.0,fie
1,798,0.0823272432,87,802.7284721498297,call
1,871,0.0133438103,92,875.8453059758898,act
1,855,0.0220444927,96,860.3725937057735,ubai_bin_kab
1,874,0.0095091946,90,878.6216478097953,ad
1,815,0.0484853494,90,819.9542670173746,nobodi
1,868,0.0145634549,76,871.3208364316786,pilgrim
1,830,0.0569005166,96,835.5333625894301,arrow
1,817,0.0875714713,97,822.7381114303628,milk
1,884,0.0011092481,0,884.0,breathless
1,798,0.0989111483,81,802.1003677844813,boy
1,856,0.0251360609,89,860.6143154747078,mind
1,637,0.1575664874,84,642.5145912740037,order
1,884,0.0011092481,0,884.0,yusuf_bin_mahk
1,884,0.0011092481,0,884.0,roast
1,852,0.0267212934,93,857.0606746316156,pleas
1,868,0.0161816166,58,869.9356298025734,desir
1,863,0.0209410422,90,867.6802406416779,arriv
1,880,0.0047958224,60,882.0430828479979,goat
1,884,0.0011092481,0,884.0,lah_bin_az_zubair
1,879,0.0056286338,66,881.474333148731,glorifi
1,858,0.0486668757,85,862.2000927858916,marri
1,875,0.0087635904,90,879.6163936626011,raisin
1,855,0.0227793092,93,860.0430221797047,wail
1,884,0.0011092481,0,884.0,kindli
1,879,0.0056286338,83,882.9099614343469,treat
1,878,0.0064390455,0,878.0,buath
1,867,0.0200423649,94,872.0808448762076,fat
1,880,0.0057549869,80,883.6288813749809,woolen
1,877,0.0090377307,87,881.3047146135099,shi
1,879,0.0056286338,50,880.4209220594431,qudaid
1,878,0.0137979547,71,880.8660511110642,of_ibn_umar
1,781,0.0846548606,91,786.28366382623,group
1,872,0.0109643742,76,875.3056608979517,duha
1,858,0.0247077984,77,861.4481992551845,repent
1,881,0.0039362872,50,882.4177015450223,hasnt
1,870,0.0123775711,66,872.4998567335126,junub
1,884,0.0011092481,0,884.0,hat
1,850,0.0300043209,97,855.5168028741458,direct
1,859,0.0195959250,96,864.3477309509177,abdur_rahman_bin_auf
1,859,0.0346697134,69,861.7667897987251,tent
1,876,0.0080044160,77,879.3776208205437,maker
1,884,0.0011092481,0,884.0,incompet
1,883,0.0021077134,0,883.0,tawafal_ifada
1,738,0.1183262668,57,740.1979464980972,wive
1,872,0.0109643742,69,874.7256712821454,ruqya
1,870,0.0165034282,46,871.2152432091624,instruct
1,883,0.0021077134,0,883.0,al_manasi
1,815,0.0777008804,85,819.4205269579229,refug
1,862,0.0184747200,91,866.790055319049,oppon
1,880,0.0047958224,80,883.6288813749809,samura
1,860,0.0364245698,80,863.7129152675674,tide
1,882,0.0040582235,66,884.4659405539594,kin
1,839,0.0311863399,84,843.1945208550634,jihad
1,858,0.0202154714,74,861.185229785091,witr
1,829,0.0749352594,87,833.5526378099946,your
1,881,0.0059044308,75,884.1866318826586,prevent
1,884,0.0011092481,0,884.0,fitnatil_masihid_dajj
1,874,0.0121026113,63,876.2676531745309,secret
1,884,0.0011092481,0,884.0,abu_bin_zam
1,883,0.0021077134,50,884.4144955845081,signific
1,808,0.1028807034,89,812.8868309918669,child
1,872,0.0143380278,92,876.8397801194925,one_third
1,857,0.0252935271,96,862.3601335868907,offspr
1,843,0.0386464516,92,848.0053065871699,process
1,882,0.0030436677,33,882.6171310370086,awak
1,876,0.0080044160,66,878.4827829843906,nay
1,866,0.0150990590,94,871.0866776618731,banu
1,879,0.0056286338,66,881.474333148731,al_ansariya
1,859,0.0226106827,73,862.0962823258201,foodstuff
1,722,0.0826796792,88,727.3431102306531,ali
1,884,0.0011092481,0,884.0,suhuliya
1,848,0.0381781274,91,852.8686886033512,amount
1,839,0.0379659790,91,843.9206123800982,sake
1,881,0.0039362872,75,884.1866318826586,servic
1,869,0.0130702297,93,873.9622417473195,aziz
1,862,0.0177049400,86,866.2794006554698,allahu
1,884,0.0011092481,0,884.0,rakat__
1,724,0.1155233731,89,729.4497926519687,ablut
1,880,0.0047958224,80,883.6288813749809,al_walid
1,881,0.0039362872,75,884.1866318826586,sad_bin_khaula
1,884,0.0011092481,0,884.0,sustain
1,875,0.0087635904,90,879.6163936626011,al_ashath
1,828,0.0642742680,92,833.0954327086423,exampl
1,857,0.0215738908,96,862.3601335868907,labbaik
1,869,0.0179715658,93,873.9622417473195,womb
1,884,0.0077647369,0,884.0,to_ibn_abd_yalail_bin_abd_kul
1,815,0.0435124930,91,820.0646315992417,takbir
1,882,0.0030436677,33,882.6171310370086,lunar
1,880,0.0076733158,80,883.6288813749809,lamp
1,778,0.0603806292,73,781.4173020864076,umra
1,835,0.0480100112,96,840.5004461628798,row
1,846,0.0356997490,97,851.54271766013,yourselv
1,868,0.0137543741,76,871.3208364316786,tahajjud
1,876,0.0106725547,66,878.4827829843906,alcohol
1,884,0.0011092481,0,884.0,comer
1,883,0.0021077134,50,884.4144955845081,therefrom
1,806,0.0478189245,88,810.7897384649118,adhan
1,881,0.0039362872,75,884.1866318826586,hu
1,883,0.0021077134,0,883.0,tain
1,883,0.0021077134,50,884.4144955845081,surat_al_ikhla
1,883,0.0021077134,50,884.4144955845081,permit
1,870,0.0123775711,80,873.6704184073077,yemenit
1,884,0.0011092481,0,884.0,atiq
1,876,0.0080044160,77,879.3776208205437,bride
1,867,0.0160338920,77,870.4125458654648,west
1,775,0.0958560878,70,778.1548689046416,permiss
1,884,0.0011092481,0,884.0,amr_bin_uthman
1,875,0.0087635904,80,878.6495319523024,lazi
1,850,0.0321474866,94,855.1818520057591,bone
1,882,0.0030436677,66,884.4659405539594,labbaika
1,873,0.0102424493,91,877.7300268305739,saffron
1,865,0.0204885718,70,867.8277478854891,hear
1,862,0.0200142800,91,866.790055319049,pleasur
1,881,0.0059044308,25,881.3546391776695,put
1,876,0.0088937955,66,878.4827829843906,thirti
1,883,0.0021077134,50,884.4144955845081,mixtur
1,855,0.0227793092,73,858.1107154674156,connect
1,753,0.0852017206,84,757.6707728294658,piec
1,831,0.0426718806,96,836.5267479286003,ruler
1,862,0.0230934000,86,866.2794006554698,live
1,879,0.0093810564,83,882.9099614343469,that_ibn_umar
1,884,0.0011092481,0,884.0,suratan_na
1,882,0.0030436677,33,882.6171310370086,al_hakam
1,884,0.0011092481,0,884.0,alquai
1,884,0.0022184962,0,884.0,lintel
1,884,0.0011092481,0,884.0,passerbi
1,881,0.0039362872,75,884.1866318826586,jamrat_al_aqaba
1,883,0.0042154269,50,884.4144955845081,abus
1,880,0.0047958224,20,880.2272433866154,sum
1,884,0.0011092481,0,884.0,baqara
1,881,0.0039362872,25,881.3546391776695,likewis
1,856,0.0221788773,96,861.3663564360986,disbeliev
1,881,0.0039362872,0,881.0,ruman
1,879,0.0065667395,50,880.4209220594431,soothsay
1,822,0.0470482330,87,826.5911927912128,neck
1,869,0.0179715658,75,872.2304741294012,sound
1,876,0.0080044160,88,880.4089958649901,dhul
1,843,0.0324354147,80,846.7874585750548,caliph
1,846,0.0272998081,97,851.54271766013,ghazwa
1,686,0.0955451759,92,692.1416040088907,resurrect
1,872,0.0109643742,92,876.8397801194925,tamim
1,864,0.0273583380,47,865.27741216329,veil
1,874,0.0112381391,81,877.7454072793546,teach
1,879,0.0075048451,83,882.9099614343469,penalti
1,879,0.0065667395,83,882.9099614343469,heathen
1,877,0.0081339576,87,881.3047146135099,lieu
1,880,0.0047958224,40,880.9086218218097,how
1,806,0.0575037699,92,811.2336284942828,number
1,880,0.0047958224,80,883.6288813749809,al_abtah
1,883,0.0031615701,50,884.4144955845081,expir
1,880,0.0047958224,40,880.9086218218097,mistah
1,883,0.0021077134,0,883.0,paint
1,877,0.0072301845,87,881.3047146135099,surah
1,864,0.0179783364,90,868.6748528649831,guidanc
1,883,0.0021077134,50,884.4144955845081,abod
1,884,0.0011092481,0,884.0,tamattu
1,672,0.1229006006,92,678.2683834589373,battl
1,878,0.0064390455,71,880.8660511110642,amr_bin_maimun
1,789,0.0908998354,57,791.0562559009314,girl
1,883,0.0021077134,50,884.4144955845081,clay
1,720,0.1162837156,92,725.8539798058559,way
1,847,0.0302485132,92,851.9818073175037,palm
1,853,0.0392188712,53,854.6449555224673,turn
1,873,0.0170707488,83,876.9367137941027,rode
1,884,0.0011092481,0,884.0,al_akh_shabain
1,871,0.0200157155,64,873.3481550905115,write
1,884,0.0011092481,0,884.0,ent
1,844,0.0409064556,85,848.2694147498188,parent
1,842,0.0295399062,93,847.1204164698192,amr
1,854,0.0306801252,96,859.3788454459418,shade
1,867,0.0160338920,50,868.4405563998033,armor
1,883,0.0021077134,50,884.4144955845081,uteru
1,881,0.0059044308,50,882.4177015450223,chast
1,882,0.0030436677,33,882.6171310370086,arak
1,884,0.0011092481,0,884.0,surat_an_nasr
1,857,0.0267813817,92,861.9240105716976,birth
1,865,0.0204885718,70,867.8277478854891,stay
1,837,0.0484035062,85,841.3049387707171,while
1,878,0.0110383638,85,882.1048690490264,mous
1,876,0.0106725547,66,878.4827829843906,admit
1,870,0.0156782568,86,874.2402415812257,cheek
1,791,0.0797101662,86,795.6613601275357,share
1,882,0.0030436677,0,882.0,lyman
1,883,0.0021077134,0,883.0,al_urfut
1,878,0.0064390455,85,882.1048690490264,quraiza
1,880,0.0047958224,80,883.6288813749809,tale
1,870,0.0189789424,73,873.0572718899946,supper
1,865,0.0157604399,80,868.691544795965,abu_
1,873,0.0110959867,41,873.9622417473195,effect
1,778,0.0603806292,96,783.9005038906405,_ibn_umar
1,883,0.0021077134,50,884.4144955845081,abdur_rahman_bin_azhar
1,874,0.0103736669,81,877.7454072793546,wrath
1,871,0.0116758341,92,875.8453059758898,benefic
1,770,0.0704269347,86,774.7877128607552,sub_narr
1,880,0.0047958224,40,880.9086218218097,silenc
1,854,0.0226448543,70,856.8640498935639,safiya
1,883,0.0021077134,50,884.4144955845081,stain
1,687,0.2149226446,92,693.1327434193252,him
1,875,0.0122690265,70,877.7955342789116,level
1,882,0.0030436677,66,884.4659405539594,mabrur
1,877,0.0072301845,75,880.2011133826178,shaiba
1,884,0.0022184962,0,884.0,cleans
1,878,0.0064390455,85,882.1048690490264,utter
1,883,0.0021077134,50,884.4144955845081,naufal
1,860,0.0280772726,84,864.0925876316727,tongu
1,674,0.1449550475,94,680.5233280351233,right
1,881,0.0049203590,75,884.1866318826586,salamand
1,867,0.0224474487,77,870.4125458654648,cri
1,875,0.0131453856,90,879.6163936626011,horizon
1,877,0.0072301845,87,881.3047146135099,umaiya_bin_khalaf
1,884,0.0011092481,0,884.0,abbad
1,884,0.0011092481,0,884.0,necess
1,877,0.0072301845,87,881.3047146135099,abdullah_bin_ubai_bin_salul
1,877,0.0099415037,25,877.3562560328614,slander
1,883,0.0021077134,50,884.4144955845081,amr_bin_au
1,883,0.0021077134,50,884.4144955845081,im
1,884,0.0011092481,0,884.0,dharira
1,877,0.0117490499,75,880.2011133826178,cure
1,863,0.0217166364,90,867.6802406416779,nose
1,754,0.0703327101,89,759.2344828839111,asr
1,871,0.0175137511,71,873.8890089708188,difficulti
1,880,0.0047958224,0,880.0,guardianship
1,883,0.0021077134,0,883.0,hail
1,883,0.0021077134,50,884.4144955845081,amir_bin_sad
1,729,0.1113636182,69,732.2581512007906,mother
1,876,0.0160088320,77,879.3776208205437,stood
1,867,0.0152321974,94,872.0808448762076,qualiti
1,876,0.0080044160,77,879.3776208205437,courtyard
1,880,0.0047958224,80,883.6288813749809,lack
1,884,0.0011092481,0,884.0,convinc
1,714,0.0976424927,91,719.7756594939842,somebodi
1,845,0.0362243321,97,850.5492343186254,silk
1,790,0.0638435077,75,793.5521406939811,matter
1,788,0.0560251322,91,793.2370389738493,uhud
1,881,0.0039362872,25,881.3546391776695,sunshin
1,879,0.0056286338,33,879.619235806039,reckon
1,867,0.0144305028,72,869.9844826202361,grass
1,794,0.0896900810,82,798.2230264781892,punish
1,856,0.0243967650,96,861.3663564360986,stick
1,872,0.0109643742,92,876.8397801194925,id_ul_adha
1,800,0.0506109524,85,804.5029521387725,ansari
1,867,0.0168355865,88,871.4545312292547,wait
1,860,0.0204888205,68,862.6841832327749,form
1,603,0.1220226534,85,608.9614109284759,muhammad
1,884,0.0011092481,0,884.0,al_walid_bin_abdul
1,882,0.0030436677,33,882.6171310370086,mill
1,877,0.0072301845,25,877.3562560328614,as_samu
1,883,0.0021077134,0,883.0,filth
1,884,0.0011092481,0,884.0,____let
1,884,0.0011092481,0,884.0,like_wis
1,868,0.0137543741,82,871.8646683975674,qadr
1,860,0.0189711301,84,864.0925876316727,tonight
1,884,0.0011092481,0,884.0,alright
1,772,0.0813101322,81,776.2377213199575,state
1,878,0.0064390455,85,882.1048690490264,ss
1,865,0.0157604399,85,869.1662671779203,ammar
1,884,0.0011092481,0,884.0,admiss
1,852,0.0238325049,69,854.7894477589203,az_zuhri
1,882,0.0030436677,66,884.4659405539594,aziz_bin_rufai
1,733,0.1152290204,82,737.5723693306305,chariti
1,870,0.0156782568,93,874.9565703507803,content
1,883,0.0021077134,50,884.4144955845081,slumber
1,877,0.0117490499,87,881.3047146135099,min
1,884,0.0011092481,0,884.0,physiognomi
1,880,0.0057549869,40,880.9086218218097,relationship
1,875,0.0087635904,90,879.6163936626011,jam
1,884,0.0022184962,0,884.0,leopard
1,877,0.0072301845,75,880.2011133826178,abdur_rahman_bin_abi
1,883,0.0021077134,0,883.0,muauwidhat
1,881,0.0039362872,50,882.4177015450223,till_ibn_um
1,883,0.0031615701,50,884.4144955845081,degrad
1,883,0.0021077134,50,884.4144955845081,khaula
1,748,0.0727221032,83,752.590858302172,jew
1,875,0.0087635904,90,879.6163936626011,al_batha
1,672,0.1229006006,84,677.2296508570781,part
1,872,0.0118077876,92,876.8397801194925,predecessor
1,884,0.0011092481,0,884.0,uncov
1,882,0.0030436677,66,884.4659405539594,benevol
1,854,0.0248362918,90,858.7292937823887,everyon
1,884,0.0011092481,0,884.0,dubaa
1,884,0.0011092481,0,884.0,marbad_annaam
1,881,0.0039362872,25,881.3546391776695,song
1,866,0.0206618702,89,870.5613131767343,interpret
1,857,0.0208299635,75,860.275537255361,subhan
1,866,0.0230459322,94,871.0866776618731,speech
1,692,0.1588463347,86,697.3234543595963,one
1,816,0.0754489250,94,821.3963720397114,pledg
1,814,0.0737438662,97,819.759110958823,garden
1,657,0.1052513232,88,662.8672566962408,islam
1,883,0.0031615701,50,884.4144955845081,cumin
1,884,0.0011092481,0,884.0,matern
1,825,0.0629498658,88,829.6800588178554,prais
1,884,0.0011092481,0,884.0,yusuf_bin_mahik
1,884,0.0011092481,0,884.0,abdullah_bin_ubaidullah_bin_abi
1,873,0.0110959867,83,876.9367137941027,mutton
1,882,0.0030436677,33,882.6171310370086,memori
1,879,0.0075048451,33,879.619235806039,kite
1,814,0.0588711537,85,818.4259282305271,price
1,884,0.0022184962,0,884.0,dh
1,883,0.0021077134,0,883.0,inbijaniya
1,877,0.0072301845,87,881.3047146135099,huyai
1,879,0.0065667395,16,879.14560796264,exist
1,873,0.0102424493,66,875.491290647714,alaika
1,872,0.0126512010,61,874.1309970479253,like
1,882,0.0030436677,66,884.4659405539594,al_muttalib
1,879,0.0121953733,0,879.0,foundat
1,884,0.0011092481,0,884.0,sad_bin_muad
1,878,0.0064390455,71,880.8660511110642,tahnik
1,869,0.0130702297,68,871.6564690289404,idhkhir
1,869,0.0163377871,93,873.9622417473195,claim
1,884,0.0011092481,0,884.0,ubaid_ullah_ibn_abdullah_bin_utba
1,864,0.0179783364,80,867.6957992291999,reason
1,875,0.0087635904,60,877.05473033329,zaid_bin_haritha
1,875,0.0105163085,80,878.6495319523024,justic
1,873,0.0162172114,83,876.9367137941027,resid
1,884,0.0011092481,0,884.0,wash_basin
1,807,0.0825548906,98,812.928656156246,wit
1,871,0.0116758341,85,875.1377034501485,rida
1,864,0.0164150028,80,867.6957992291999,muhrim
1,869,0.0138871191,81,872.7668646322453,health
1,884,0.0011092481,0,884.0,slave_qirl
1,879,0.0056286338,83,882.9099614343469,al_
1,876,0.0097831751,88,880.4089958649901,fatigu
1,870,0.0123775711,80,873.6704184073077,top
1,862,0.0361796600,86,866.2794006554698,guest
1,884,0.0011092481,0,884.0,hudhaifa_bin_utba_bin_rabia_bin_abdi
1,884,0.0011092481,0,884.0,bark
1,874,0.0095091946,81,877.7454072793546,tashah_hud
1,882,0.0030436677,66,884.4659405539594,jacob
1,880,0.0047958224,80,883.6288813749809,hammam
1,828,0.0370063967,54,829.7590011563599,hafsa
1,869,0.0138871191,75,872.2304741294012,carri
1,881,0.0039362872,0,881.0,tafil
1,870,0.0156782568,86,874.2402415812257,hast
1,804,0.1233955544,85,808.4806738568337,recit
1,884,0.0011092481,0,884.0,hil
1,859,0.0263791298,76,862.35549514107,dish
1,873,0.0102424493,66,875.491290647714,hassan
1,864,0.0218866704,90,868.6748528649831,complet
1,884,0.0011092481,0,884.0,ali_ibn_
1,872,0.0109643742,84,876.0365289187432,action
1,883,0.0042154269,0,883.0,bee
1,881,0.0049203590,50,882.4177015450223,singer
1,884,0.0011092481,0,884.0,wahid_bin_aiman
1,874,0.0095091946,90,878.6216478097953,narrated_ibn_shihab
1,845,0.0348310886,70,847.8944509784222,stori
1,884,0.0022184962,0,884.0,negro
1,861,0.0359175516,79,864.6166780718494,cloud
1,878,0.0064390455,14,878.1116102182,sarif
1,869,0.0155208978,75,872.2304741294012,forbid
1,883,0.0031615701,50,884.4144955845081,rever
1,883,0.0021077134,0,883.0,riag
1,864,0.0226683372,95,869.2071099571149,color
1,802,0.0592651143,86,806.5977932030313,bless
1,698,0.1304507094,94,704.3010719855537,other
1,684,0.1149041225,94,690.4288522360577,fire
1,874,0.0121026113,90,878.6216478097953,proof
1,874,0.0224762782,54,875.666603222939,theft
1,881,0.0039362872,75,884.1866318826586,grave_yard
1,883,0.0021077134,50,884.4144955845081,reach
1,867,0.0144305028,83,870.9638339219373,sami
1,883,0.0021077134,0,883.0,imag
1,880,0.0047958224,60,882.0430828479979,uqiya
1,846,0.0510996408,76,849.4068518678196,use
1,883,0.0031615701,50,884.4144955845081,henc
1,856,0.0214395814,68,858.6966868458269,sunna
1,882,0.0030436677,33,882.6171310370086,legal
1,879,0.0056286338,66,881.474333148731,mar
1,848,0.0318151062,91,852.8686886033512,regard
1,870,0.0123775711,93,874.9565703507803,ubaida
1,796,0.0524398914,85,800.525452437335,sad
1,880,0.0047958224,80,883.6288813749809,____
1,879,0.0056286338,66,881.474333148731,abort
1,880,0.0057549869,60,882.0430828479979,statu
1,883,0.0021077134,50,884.4144955845081,avail
1,764,0.0991252531,85,768.7138609391664,anim
1,882,0.0040582235,66,884.4659405539594,clap
1,882,0.0030436677,66,884.4659405539594,closer
1,878,0.0064390455,85,882.1048690490264,livelihood
1,882,0.0030436677,66,884.4659405539594,ubai_bin_umar
1,876,0.0106725547,88,880.4089958649901,know
1,884,0.0011092481,0,884.0,____and
1,882,0.0030436677,33,882.6171310370086,wool
1,884,0.0011092481,0,884.0,length____and
1,781,0.0795414797,89,786.0547054753887,children
1,862,0.0177049400,82,865.8914481619506,imran
1,884,0.0011092481,0,884.0,baqia
1,884,0.0011092481,0,884.0,abdullah_bin_ziyad
1,852,0.0238325049,96,857.3913925390201,qai
1,882,0.0030436677,66,884.4659405539594,outer
1,884,0.0022184962,0,884.0,settlement
1,870,0.0132027425,73,873.0572718899946,thereupon
1,880,0.0047958224,80,883.6288813749809,ammar_bin_yasir
1,878,0.0064390455,57,879.8482823760014,huyay
1,879,0.0084429508,83,882.9099614343469,convers
1,882,0.0030436677,66,884.4659405539594,avoid
1,850,0.0378625954,85,854.2394277952757,donkey
1,884,0.0011092481,0,884.0,dhatun_nitaq
1,842,0.0336617536,81,845.8871083070128,natur
1,883,0.0021077134,50,884.4144955845081,count
1,883,0.0021077134,50,884.4144955845081,compound
1,883,0.0021077134,50,884.4144955845081,surat_an_nur
1,873,0.0170707488,75,876.2157268618271,weep
1,866,0.0150990590,78,869.505606652424,disput
1,883,0.0031615701,50,884.4144955845081,ownership
1,882,0.0030436677,66,884.4659405539594,reput
1,874,0.0103736669,81,877.7454072793546,departur
1,869,0.0187884552,93,873.9622417473195,request
1,848,0.0325221086,83,852.0522284461206,neighbor
1,849,0.0284258225,80,852.7608105441994,end
1,883,0.0021077134,50,884.4144955845081,dhul_hijjah
1,883,0.0021077134,0,883.0,utba_bin_abu
1,742,0.1034258110,79,746.1936745912552,famili
1,846,0.0272998081,94,851.2062029849171,hell_fir
1,835,0.0333402855,94,840.2743599563181,imam
1,884,0.0011092481,0,884.0,exit
1,875,0.0087635904,50,876.4274071479052,azzubair
1,864,0.0453366744,76,867.3361516736172,said_bin_al_musaiyab
1,882,0.0030436677,66,884.4659405539594,al_walid_bin_
1,881,0.0039362872,75,884.1866318826586,argument
1,876,0.0088937955,66,878.4827829843906,folk
1,856,0.0332683159,79,859.6377143890326,mention
1,849,0.0255832403,83,853.0474781628511,nahr
1,707,0.1475937668,93,713.0904570950308,date
1,884,0.0011092481,0,884.0,remuner
1,883,0.0021077134,50,884.4144955845081,lament
1,871,0.0150117866,57,872.863104959764,blame
1,882,0.0030436677,66,884.4659405539594,al_muhassab
1,855,0.0301274734,70,857.86071130458,curs
1,874,0.0112381391,90,878.6216478097953,roof
1,883,0.0021077134,50,884.4144955845081,suhail
1,880,0.0047958224,60,882.0430828479979,principl
1,852,0.0238325049,90,856.7403340569417,dinar
1,884,0.0011092481,0,884.0,wal_lana
1,859,0.0195959250,46,860.2307829879143,urwa_bin_az_zubair
1,876,0.0160088320,88,880.4089958649901,eas
1,883,0.0021077134,50,884.4144955845081,al_ikhla
1,868,0.0137543741,11,868.0696976625783,zama
1,873,0.0145101365,91,877.7300268305739,intestin
1,883,0.0021077134,50,884.4144955845081,wonder
1,884,0.0011092481,0,884.0,talbina
1,792,0.0542442657,92,797.3255295047312,umar_bin_al_khattab
1,854,0.0255667710,83,858.0238924412304,fear
1,837,0.0490757772,83,841.1052252839712,sister
1,875,0.0087635904,60,877.05473033329,al_hijr
1,788,0.0635336551,90,793.1229412896843,doubt
1,884,0.0011092481,0,884.0,hasan_bin_ali
1,883,0.0021077134,50,884.4144955845081,lk
1,881,0.0039362872,75,884.1866318826586,hajj_mabrur
1,879,0.0065667395,50,880.4209220594431,upon
1,882,0.0030436677,66,884.4659405539594,nafsi
1,856,0.0303111323,89,860.6143154747078,urin
1,884,0.0011092481,0,884.0,acquisit
1,881,0.0049203590,75,884.1866318826586,figur
1,856,0.0332683159,89,860.6143154747078,wage
1,870,0.0231047994,53,871.6128727824067,thigh
1,874,0.0095091946,81,877.7454072793546,umaiya
1,884,0.0011092481,0,884.0,ighfir_li
1,812,0.0449645927,89,816.8629015936517,bilal
1,884,0.0011092481,0,884.0,muhammad_bin_ibrahim_bin_al_harith
1,778,0.1043964151,99,784.2735492160882,hors
1,884,0.0011092481,0,884.0,al_amiri__and
1,883,0.0021077134,0,883.0,bihamdika
1,874,0.0103736669,90,878.6216478097953,object
1,874,0.0155605003,81,877.7454072793546,limit
1,883,0.0021077134,50,884.4144955845081,khalid_bin_
1,852,0.0238325049,66,854.5525144776066,mulaika
1,863,0.0170630714,95,868.213107479955,shuba
1,884,0.0011092481,0,884.0,_bin_zama
1,883,0.0021077134,0,883.0,hisham_bin_urwa
1,881,0.0039362872,75,884.1866318826586,helper
1,868,0.0145634549,64,870.3562489004144,attent
1,847,0.0295450594,84,851.1550974998622,manner
1,884,0.0011092481,0,884.0,what_ibn_abba
1,871,0.0141777985,92,875.8453059758898,cours
1,797,0.0626182990,90,802.0654586752879,truth
1,883,0.0021077134,0,883.0,muadha
1,870,0.0123775711,73,873.0572718899946,surat_al_baqara
1,884,0.0011092481,0,884.0,harmoni
1,879,0.0056286338,50,880.4209220594431,_ibn_az_zubair
1,807,0.0667723380,87,811.6760437514464,sheet
1,835,0.0426755655,94,840.2743599563181,verdict
1,863,0.0193898539,95,868.213107479955,grape
1,884,0.0011092481,0,884.0,uqba_bin_abu
1,882,0.0030436677,66,884.4659405539594,khalid_bin_said
1,882,0.0040582235,66,884.4659405539594,laugh
1,884,0.0011092481,0,884.0,almiswar_bin_makhrama
1,853,0.0341349434,87,857.4252153978211,promis
1,856,0.0303111323,89,860.6143154747078,visit
1,883,0.0021077134,0,883.0,chink
1,863,0.0271457954,81,866.7929395190065,account
1,817,0.0544194143,97,822.7381114303628,booti
1,802,0.0496869140,81,806.0800208416035,gabriel
1,877,0.0072301845,87,881.3047146135099,rahman_bin_abi
1,874,0.0121026113,90,878.6216478097953,payment
1,884,0.0011092481,0,884.0,al_auzai
1,878,0.0064390455,28,878.4463557895838,doesnt
1,882,0.0030436677,0,882.0,sulaiman_bin_yasar
1,884,0.0011092481,0,884.0,curtail
1,876,0.0080044160,77,879.3776208205437,vain
1,827,0.0724527692,74,830.3041611361465,bow
1,865,0.0212765938,50,866.4438816218856,nephew
1,864,0.0179783364,95,869.2071099571149,ankl
1,871,0.0116758341,92,875.8453059758898,ad_darda
1,859,0.0286401980,92,863.9126113213072,return
1,874,0.0172894448,90,878.6216478097953,blind
1,884,0.0011092481,0,884.0,regular
1,884,0.0022184962,0,884.0,worth
1,879,0.0056286338,83,882.9099614343469,nusuk
1,831,0.0531757282,98,836.7586270842984,fruit
1,859,0.0211033038,96,864.3477309509177,command
1,876,0.0088937955,44,877.1043267479645,soup
1,871,0.0116758341,92,875.8453059758898,remain
1,884,0.0011092481,0,884.0,slap
1,876,0.0088937955,88,880.4089958649901,demand
1,869,0.0187884552,93,873.9622417473195,whenev
1,879,0.0065667395,83,882.9099614343469,basi
1,791,0.1140379019,85,795.5538950944807,prostrat
1,865,0.0189125279,90,869.6694774453108,behold
1,878,0.0064390455,42,879.0039817884785,usaid_bin_hudair
1,883,0.0021077134,50,884.4144955845081,copper
1,862,0.0254027400,65,864.4472222177592,lhram
1,860,0.0349068794,80,863.7129152675674,divorc
1,858,0.0202154714,88,862.501014492157,ata
1,878,0.0064390455,71,880.8660511110642,us
1,884,0.0011092481,0,884.0,uhad
1,881,0.0039362872,75,884.1866318826586,med
1,884,0.0011092481,0,884.0,home_mad
1,795,0.0528932450,90,800.0781211856752,_ibn_abba
1,881,0.0039362872,75,884.1866318826586,virtu
1,884,0.0011092481,0,884.0,ruqa
1,882,0.0030436677,66,884.4659405539594,store_keep
1,881,0.0039362872,75,884.1866318826586,ation
1,883,0.0021077134,50,884.4144955845081,ancestri
1,870,0.0123775711,80,873.6704184073077,marwan
1,871,0.0133438103,92,875.8453059758898,femal
1,882,0.0030436677,33,882.6171310370086,mischief_do
1,770,0.0931631892,85,774.6773521925112,food
1,807,0.0698074442,75,810.4776369524332,marriag
1,810,0.0459232592,97,815.7873497425662,zuhr
1,882,0.0030436677,66,884.4659405539594,baida
1,854,0.0336020419,90,858.7292937823887,rel
1,571,0.1672279123,85,577.2919538673651,thing
1,884,0.0011092481,0,884.0,zaraiq
1,858,0.0202154714,88,862.501014492157,presenc
1,884,0.0011092481,0,884.0,highest
1,871,0.0116758341,92,875.8453059758898,er
1,848,0.0261590873,94,853.1939990412498,taslim
1,863,0.0248190130,90,867.6802406416779,trace
1,879,0.0056286338,83,882.9099614343469,kuraib
1,875,0.0087635904,80,878.6495319523024,badu
1,655,0.1210958969,90,661.1542936410532,none
1,875,0.0087635904,90,879.6163936626011,crime
1,875,0.0087635904,60,877.05473033329,narrated_ibn_abu
1,871,0.0116758341,71,873.8890089708188,habiba
1,881,0.0049203590,0,881.0,church
1,883,0.0021077134,50,884.4144955845081,al_audi
1,863,0.0209410422,86,867.2744663599868,grain
1,880,0.0047958224,80,883.6288813749809,suraqa
1,833,0.0416776975,78,836.6438907922534,skin
1,852,0.0281656876,90,856.7403340569417,distanc
1,847,0.0267312443,65,849.4904354964805,marwa
1,875,0.0087635904,90,879.6163936626011,id_ul_fitr
1,847,0.0309519670,84,851.1550974998622,ground
1,883,0.0021077134,0,883.0,surat_al_falaq
1,861,0.0198692839,33,861.6321721012976,buy
1,883,0.0021077134,0,883.0,clatter
1,884,0.0011092481,0,884.0,mort
1,868,0.0218451824,58,869.9356298025734,manumit
1,884,0.0011092481,0,884.0,senseless
1,870,0.0123775711,6,870.0206894091657,amra
1,787,0.0714477765,95,792.7130628417826,eye
1,521,0.1448514171,98,530.1367748043895,anas_bin_malik
1,884,0.0011092481,0,884.0,fore_runn
1,880,0.0057549869,80,883.6288813749809,mission
1,874,0.0103736669,81,877.7454072793546,posit
1,752,0.0711332627,95,757.9769125771576,musa
1,872,0.0109643742,38,872.827588931514,al_hijab
1,884,0.0011092481,0,884.0,ghalib_bin_abjar
1,867,0.0176372811,94,872.0808448762076,light
1,813,0.0444824655,93,818.3019002788641,khaibar
1,880,0.0047958224,60,882.0430828479979,gum
1,881,0.0049203590,50,882.4177015450223,stipul
1,824,0.0390475754,81,827.9716178710476,qibla
1,879,0.0121953733,83,882.9099614343469,accus
1,875,0.0087635904,90,879.6163936626011,ing
1,884,0.0011092481,0,884.0,abdur_rahman_bin_al_aswad
1,879,0.0084429508,50,880.4209220594431,ride
1,882,0.0030436677,66,884.4659405539594,al_awali
1,861,0.0183408774,70,863.8408418221495,ashura
1,883,0.0021077134,50,884.4144955845081,hatr
1,879,0.0065667395,83,882.9099614343469,beat
1,652,0.1376033737,81,657.0121764472863,woman
1,625,0.1766164705,89,631.3049976041691,slave
1,870,0.0173285996,86,874.2402415812257,travel
1,789,0.0793202386,89,794.0037783285417,religion
1,875,0.0113926675,60,877.05473033329,suspicion
1,877,0.0090377307,12,877.0820942192356,custodi
1,871,0.0116758341,85,875.1377034501485,black
1,803,0.0492224360,84,807.3815702627847,sufyan
1,872,0.0109643742,84,876.0365289187432,meantim
1,844,0.0381331366,90,848.7850140053133,date_palm
1,872,0.0109643742,61,874.1309970479253,clot
1,883,0.0021077134,0,883.0,non_muhrim
1,882,0.0030436677,66,884.4659405539594,thabir
1,882,0.0030436677,33,882.6171310370086,ion
1,880,0.0067141513,60,882.0430828479979,trotter
1,874,0.0095091946,72,876.9606604631704,haram
1,882,0.0030436677,66,884.4659405539594,al_mufass
1,883,0.0021077134,0,883.0,musa_bin_abi
1,853,0.0326823927,96,858.3851117068608,perfum
1,867,0.0144305028,88,871.4545312292547,sad_bin_ubada
1,871,0.0116758341,92,875.8453059758898,al_khattab
1,595,0.1243798973,98,603.0165835198897,narrated_ibn_umar
1,859,0.0195959250,88,863.4958019585272,akbar
1,844,0.0318931688,90,848.7850140053133,middl
1,872,0.0109643742,92,876.8397801194925,yazid
1,860,0.0295949630,76,863.3516085581819,cave
1,884,0.0011092481,0,884.0,wal_lan
1,884,0.0044369925,0,884.0,suspect
1,884,0.0011092481,0,884.0,suratal_falaq
1,820,0.0555793176,92,825.1448357712724,lie
1,873,0.0128030616,91,877.7300268305739,saw
1,803,0.1482675817,90,808.027846054825,wa
1,877,0.0072301845,25,877.3562560328614,rifaa
1,883,0.0021077134,50,884.4144955845081,treasuri
1,813,0.0562208939,93,818.3019002788641,toward
1,873,0.0102424493,83,876.9367137941027,mamar
1,877,0.0090377307,87,881.3047146135099,take
1,880,0.0047958224,60,882.0430828479979,organ
1,874,0.0129670836,81,877.7454072793546,span
1,879,0.0121953733,83,882.9099614343469,and_ibn_umar
1,878,0.0064390455,85,882.1048690490264,ahihahih
1,883,0.0021077134,50,884.4144955845081,prescrib
1,554,0.1360043035,98,562.6011020252271,abdullah
1,748,0.1130642919,91,753.5150960664292,sin
1,747,0.0863625995,92,752.644006154304,earth
1,877,0.0072301845,62,879.1888306842848,shawwal
1,875,0.0087635904,90,879.6163936626011,kauthar
1,880,0.0047958224,60,882.0430828479979,herself
1,884,0.0011092481,0,884.0,abida_bin_humaid
1,883,0.0021077134,50,884.4144955845081,hardest
1,883,0.0021077134,50,884.4144955845081,abdul_qai
1,874,0.0164249725,81,877.7454072793546,lip
1,868,0.0137543741,94,873.0750254130512,jubair_bin_mutim
1,884,0.0011092481,0,884.0,bakr_bin_amr_bin_hazm
1,799,0.0837319507,91,804.165405871205,stone
1,883,0.0021077134,0,883.0,taribat
1,883,0.0021077134,0,883.0,yaminuki
1,822,0.0521345285,90,826.912329089366,so_and_so
1,884,0.0011092481,0,884.0,siddiqin
1,879,0.0084429508,83,882.9099614343469,killer
1,868,0.0202270208,76,871.3208364316786,spear
1,859,0.0301475769,76,862.35549514107,lot
1,881,0.0039362872,75,884.1866318826586,verili
1,835,0.0500104283,85,839.3151970505479,valley
1,883,0.0031615701,50,884.4144955845081,linen
1,884,0.0011092481,0,884.0,wa_alaikum
1,876,0.0151194524,77,879.3776208205437,forbidden
1,882,0.0040582235,66,884.4659405539594,shroud
1,884,0.0011092481,0,884.0,yahya_bin_said_bin_al_a
1,875,0.0087635904,90,879.6163936626011,abdur_rahman_bin_abu
1,877,0.0108452768,87,881.3047146135099,debtor
1,883,0.0031615701,50,884.4144955845081,opportun
1,873,0.0119495242,75,876.2157268618271,dare
1,857,0.0364524361,82,860.9140491361493,idol
1,799,0.0777935145,74,802.4194663640707,grave
1,871,0.0116758341,92,875.8453059758898,suhur
1,864,0.0257950044,76,867.3361516736172,slept
1,883,0.0021077134,0,883.0,aljuhfa
1,880,0.0047958224,80,883.6288813749809,terror
1,817,0.0425347146,89,821.8333164334481,abraham
1,862,0.0177049400,86,866.2794006554698,izar
1,880,0.0047958224,0,880.0,tanim
1,880,0.0095916448,80,883.6288813749809,hump
1,818,0.0922432175,88,822.7198794243396,emigr
1,882,0.0030436677,0,882.0,al_quai
1,863,0.0170630714,86,867.2744663599868,atiyya
1,884,0.0011092481,0,884.0,abdur_rahman_bin_az_zubair
1,519,0.2800238412,87,526.2413894782508,water
1,505,0.1489913582,91,513.1335108916587,muslim
1,878,0.0064390455,85,882.1048690490264,abii
1,879,0.0150096902,83,882.9099614343469,cut
1,858,0.0202154714,85,862.2000927858916,mari
1,878,0.0082787728,71,880.8660511110642,abil
1,867,0.0152321974,94,872.0808448762076,forehead
1,697,0.1600163422,87,702.4087129300149,properti
1,869,0.0130702297,93,873.9622417473195,kufr
1,883,0.0021077134,50,884.4144955845081,sadaqat
1,832,0.0349268508,88,836.6409026577651,sa
1,884,0.0011092481,0,884.0,mattress
1,878,0.0064390455,42,879.0039817884785,ethiopian
1,569,0.1318368257,74,573.7917740783672,bakr
1,867,0.0160338920,94,872.0808448762076,beard
1,877,0.0072301845,37,877.7801547084555,qasab
1,862,0.0361796600,52,863.5670211396449,orphan
1,884,0.0011092481,0,884.0,told_ibn_abba
1,883,0.0021077134,50,884.4144955845081,resin
1,688,0.1097818880,94,694.3918202283204,anyon
1,883,0.0021077134,50,884.4144955845081,termin
1,884,0.0011092481,0,884.0,abdur_rahman_bin_alaswad_bin_abd
1,370,0.2422971363,91,381.02624581516693,person
1,752,0.1080369855,75,755.730772166914,ladi
1,854,0.0226448543,77,857.464284970517,mahr
1,884,0.0011092481,0,884.0,al_jaun
1,884,0.0011092481,0,884.0,aqr
1,878,0.0119582274,85,882.1048690490264,villag
1,820,0.0410529050,56,821.9099707388882,hadi
1,884,0.0011092481,0,884.0,al_mesiah
1,849,0.0298471136,94,854.1879184348137,come
1,882,0.0030436677,66,884.4659405539594,narrated_ibn_
1,862,0.0177049400,95,867.219118792938,kab
1,877,0.0072301845,37,877.7801547084555,tawaf_al_ifada
1,884,0.0011092481,0,884.0,al_tanim
1,837,0.0497480481,87,841.5093582367341,dog
1,873,0.0204848986,91,877.7300268305739,basket
1,884,0.0011092481,0,884.0,cupboard
1,830,0.0359715910,92,835.0832293849518,talib
1,883,0.0021077134,50,884.4144955845081,from_ibn_abba
1,882,0.0030436677,66,884.4659405539594,ar_rahm
1,820,0.0675793975,96,825.6003875968082,bedouin
1,884,0.0055462406,0,884.0,to_ibn_
1,875,0.0087635904,80,878.6495319523024,fai
1,860,0.0341480342,60,862.0904824900922,honey
1,879,0.0056286338,66,881.474333148731,poet
1,823,0.0631558964,83,827.1747094779918,say
1,880,0.0047958224,40,880.9086218218097,aswad
1,882,0.0030436677,66,884.4659405539594,loss
1,855,0.0220444927,90,859.723792854426,sulaim
1,882,0.0030436677,66,884.4659405539594,despair
1,853,0.0246933633,93,858.0547768062363,life_tim
1,880,0.0067141513,60,882.0430828479979,accord
1,884,0.0011092481,0,884.0,kudhibu
1,883,0.0021077134,50,884.4144955845081,amir_bin_sad_bin_abi
1,884,0.0011092481,0,884.0,al_hajun
1,864,0.0453366744,95,869.2071099571149,kill
1,861,0.0221618935,95,866.2251439435362,measur
1,880,0.0057549869,80,883.6288813749809,track
1,880,0.0047958224,0,880.0,dharwan
1,868,0.0177997783,94,873.0750254130512,sit
1,883,0.0021077134,0,883.0,suhul
1,841,0.0444537925,97,846.5754544043904,good
1,795,0.0622964886,91,800.1912271451118,someon
1,876,0.0080044160,11,876.0690612046518,tharid
1,881,0.0039362872,75,884.1866318826586,faraq
1,884,0.0011092481,0,884.0,az_zuhriyun
1,838,0.0432056168,89,842.7128811166945,infidel
1,837,0.0322690042,75,840.3534970475223,zainab
1,883,0.0021077134,50,884.4144955845081,vor
1,881,0.0039362872,0,881.0,manat
1,883,0.0021077134,50,884.4144955845081,hudaifa
1,884,0.0011092481,0,884.0,alqama_bin_
1,882,0.0050727794,66,884.4659405539594,graze
1,882,0.0040582235,66,884.4659405539594,issu
1,866,0.0222512449,94,871.0866776618731,mud
1,878,0.0073589092,85,882.1048690490264,guarante
1,882,0.0030436677,66,884.4659405539594,restrict
1,882,0.0030436677,66,884.4659405539594,hadnt
1,883,0.0021077134,50,884.4144955845081,salma
1,876,0.0080044160,55,877.724899954422,semen
1,882,0.0030436677,66,884.4659405539594,jandal
1,883,0.0021077134,50,884.4144955845081,prick
1,825,0.0398254253,75,828.4020762890445,inspir
1,884,0.0011092481,0,884.0,cer
1,699,0.0910112945,98,705.8363833070664,jabir_bin_abdullah
1,861,0.0198692839,83,864.9913294363129,type
1,879,0.0056286338,83,882.9099614343469,luggag
1,882,0.0030436677,33,882.6171310370086,ubaid_bin_umar
1,884,0.0011092481,0,884.0,preacher
1,849,0.0362429237,94,854.1879184348137,hypocrit
1,880,0.0067141513,60,882.0430828479979,vision
1,883,0.0031615701,50,884.4144955845081,aid
1,880,0.0047958224,60,882.0430828479979,slavegirl
1,869,0.0179715658,37,869.787330328512,necklac
1,877,0.0081339576,87,881.3047146135099,oblig
1,876,0.0097831751,66,878.4827829843906,forc
1,872,0.0269892289,92,876.8397801194925,to_ibn_abba
1,544,0.1871441312,66,547.9890509855101,wife
1,884,0.0011092481,0,884.0,descent
1,846,0.0272998081,94,851.2062029849171,abdullah_bin_abba
1,884,0.0011092481,0,884.0,_bin_zaid
1,884,0.0011092481,0,884.0,safa_marwa
1,884,0.0011092481,0,884.0,between_ibn_az_zubair
1,867,0.0272576163,94,872.0808448762076,intercess
1,884,0.0011092481,0,884.0,zaid_bin_abu
1,867,0.0192406703,88,871.4545312292547,dress
1,884,0.0011092481,0,884.0,abdur_rahman_bin_
1,884,0.0011092481,0,884.0,jahm_bin_hudhaifa_bin_ghanim
1,884,0.0011092481,0,884.0,al_awza
1,872,0.0151814412,92,876.8397801194925,seed
1,883,0.0021077134,50,884.4144955845081,suhail_bin_amr
1,867,0.0144305028,94,872.0808448762076,khalid
1,862,0.0177049400,52,863.5670211396449,abdurrahman
1,883,0.0021077134,50,884.4144955845081,inna_l_hamda
1,855,0.0315971063,93,860.0430221797047,labor
1,880,0.0047958224,60,882.0430828479979,yahya_bin_said
1,883,0.0021077134,50,884.4144955845081,lation
1,451,0.1630531240,97,461.31334253411745,ana
1,884,0.0011092481,0,884.0,_bin_abba
1,845,0.0459770369,97,850.5492343186254,gather
1,872,0.0118077876,84,876.0365289187432,express
1,884,0.0011092481,0,884.0,bani_al_harith_bin_khazraj
1,882,0.0030436677,33,882.6171310370086,ursa_bin_az_zubair
1,847,0.0288416056,97,852.5362162395214,power
1,874,0.0121026113,81,877.7454072793546,provis
1,747,0.0980189013,85,751.8204572901698,side
1,867,0.0200423649,94,872.0808448762076,ate
1,882,0.0030436677,66,884.4659405539594,al_ahnaf
1,879,0.0056286338,83,882.9099614343469,refer
1,883,0.0031615701,50,884.4144955845081,interest
1,861,0.0305681290,91,865.7955878843459,protect
1,884,0.0011092481,0,884.0,kalthum
1,863,0.0209410422,72,865.9982678966512,vessel
1,776,0.0926967085,90,781.201638503146,sun
1,850,0.0671525277,91,854.8572980328354,said_bin_jubair
1,877,0.0072301845,37,877.7801547084555,al_qasim_bin_muhammad
1,883,0.0021077134,0,883.0,abdur_rahman_bin_al_qasim
1,865,0.0212765938,50,866.4438816218856,slave_girl
1,883,0.0021077134,0,883.0,rahman_bin_abu
1,884,0.0011092481,0,884.0,musruq
1,870,0.0132027425,93,874.9565703507803,governor
1,875,0.0105163085,70,877.7955342789116,trick
1,878,0.0082787728,85,882.1048690490264,mix
1,884,0.0011092481,0,884.0,tashrlq
1,883,0.0021077134,50,884.4144955845081,grandmoth
1,859,0.0339160240,73,862.0962823258201,superior
1,883,0.0031615701,50,884.4144955845081,version
1,882,0.0040582235,33,882.6171310370086,keep
1,882,0.0030436677,66,884.4659405539594,twilight
1,739,0.0762393420,94,744.9543610181768,hell
1,878,0.0064390455,85,882.1048690490264,milch
1,874,0.0095091946,90,878.6216478097953,al_wis
1,858,0.0292001254,59,860.0261623927495,option
1,802,0.1029656532,96,807.725200795419,eat
1,872,0.0143380278,76,875.3056608979517,search
1,884,0.0011092481,0,884.0,al_hasba
1,882,0.0040582235,66,884.4659405539594,blister
1,882,0.0030436677,66,884.4659405539594,grandson
1,877,0.0081339576,50,878.4241572270198,crow
1,870,0.0123775711,80,873.6704184073077,sub
1,881,0.0039362872,0,881.0,lace
1,884,0.0011092481,0,884.0,formula
1,848,0.0346431156,81,851.8597302373203,fact
1,879,0.0056286338,66,881.474333148731,joy
1,872,0.0210853351,84,876.0365289187432,speak
1,868,0.0161816166,82,871.8646683975674,thereof
1,877,0.0081339576,12,877.0820942192356,emancip
1,874,0.0112381391,90,878.6216478097953,busi
1,875,0.0131453856,80,878.6495319523024,successor
1,873,0.0102424493,16,873.1466085371918,hind
1,821,0.0690699074,85,825.3883934245744,afflict
1,883,0.0021077134,0,883.0,al_wala
1,884,0.0022184962,0,884.0,gait
1,884,0.0011092481,0,884.0,arafa
1,880,0.0067141513,60,882.0430828479979,rub
1,871,0.0141777985,78,874.4855630597912,wish
1,884,0.0022184962,0,884.0,doll
1,867,0.0240508379,61,869.1432563162416,scent
1,884,0.0011092481,0,884.0,sahla
1,838,0.0384800025,89,842.7128811166945,barley
1,861,0.0183408774,91,865.7955878843459,ikrima
1,841,0.0314596070,79,844.7023144279883,friend
1,883,0.0021077134,50,884.4144955845081,into
1,819,0.0566575920,93,824.2633074448966,whoever
1,882,0.0060873353,33,882.6171310370086,play
1,884,0.0011092481,0,884.0,jazz
1,884,0.0011092481,0,884.0,al_tahrim
1,859,0.0195959250,57,860.8890753169075,masruq
1,884,0.0011092481,0,884.0,dhat_as_salasil
1,884,0.0011092481,0,884.0,sad_bin_waqqa
1,880,0.0047958224,60,882.0430828479979,salama_bin_abdur_rahman
1,877,0.0135565960,62,879.1888306842848,consent
1,866,0.0182778083,63,868.2885465097418,patient
1,869,0.0171546765,87,873.3441475157431,archer
1,884,0.0011092481,0,884.0,asiya
1,884,0.0011092481,0,884.0,pipe
1,864,0.0164150028,38,864.8352444252026,al_aswad
1,842,0.0398445246,88,846.5860854041956,rest
1,883,0.0021077134,50,884.4144955845081,khabuthat
1,774,0.0850191767,87,778.8741875296677,garment
1,877,0.0072301845,87,881.3047146135099,khadir
1,884,0.0022184962,0,884.0,thirty_four
1,882,0.0030436677,66,884.4659405539594,alhamdulillah
1,884,0.0011092481,0,884.0,len
1,881,0.0049203590,75,884.1866318826586,disappear
1,871,0.0125098222,78,874.4855630597912,occas
1,883,0.0021077134,50,884.4144955845081,outskirt
1,884,0.0011092481,0,884.0,al_qama_bin_waqqa
1,868,0.0266996674,94,873.0750254130512,invit
1,875,0.0122690265,80,878.6495319523024,surfac
1,878,0.0064390455,57,879.8482823760014,al_masih
1,871,0.0116758341,64,873.3481550905115,turban
1,873,0.0110959867,83,876.9367137941027,noon
1,884,0.0022184962,0,884.0,suckl
1,883,0.0021077134,0,883.0,abd_bin_zama
1,882,0.0030436677,66,884.4659405539594,tambourin
1,872,0.0160248546,61,874.1309970479253,symbol
1,876,0.0097831751,55,877.724899954422,feel
1,884,0.0055462406,0,884.0,of_ibn_haritha
1,873,0.0110959867,66,875.491290647714,poverti
1,876,0.0124513138,44,877.1043267479645,reveng
1,882,0.0030436677,66,884.4659405539594,admir
1,857,0.0580263269,96,862.3601335868907,ask
1,862,0.0200142800,95,867.219118792938,ha
1,877,0.0072301845,87,881.3047146135099,alli
1,880,0.0047958224,80,883.6288813749809,al_mahassab
1,884,0.0011092481,0,884.0,thither
1,829,0.0462643776,89,833.7637555087173,compulsori
1,861,0.0213976903,75,864.2603774326346,affair
1,865,0.0157604399,90,869.6694774453108,jinn
1,879,0.0056286338,83,882.9099614343469,hakim
1,884,0.0011092481,0,884.0,amir_bin_fuhaira
1,875,0.0087635904,70,877.7955342789116,safiyya
1,880,0.0047958224,80,883.6288813749809,hudhaifa_bin_al_yaman
1,818,0.0420428270,91,823.0461712443598,id
1,883,0.0021077134,0,883.0,applic
1,883,0.0021077134,0,883.0,al_falaq
1,857,0.0245495999,96,862.3601335868907,corner
1,883,0.0021077134,50,884.4144955845081,poem
1,863,0.0170630714,95,868.213107479955,abdullah_bin_abu
1,876,0.0080044160,88,880.4089958649901,_ibn_
1,884,0.0011092481,0,884.0,mill_ston
1,883,0.0042154269,50,884.4144955845081,salut
1,827,0.0511050783,58,829.0313624948094,master
1,869,0.0163377871,93,873.9622417473195,torment
1,876,0.0080044160,88,880.4089958649901,marwan_bin_al_hakam
1,873,0.0102424493,91,877.7300268305739,page
1,883,0.0031615701,50,884.4144955845081,blanket
1,881,0.0039362872,0,881.0,aqra
1,820,0.0517898187,86,824.4974226763841,anybodi
1,758,0.0752121626,83,762.5306551214843,dont
1,884,0.0011092481,0,884.0,zanab
1,879,0.0056286338,83,882.9099614343469,tortur
1,884,0.0011092481,0,884.0,fitnatil_mahya
1,884,0.0011092481,0,884.0,hajj_al_tamattu
1,882,0.0030436677,66,884.4659405539594,convert
1,883,0.0021077134,0,883.0,makhzumiya
1,763,0.0830737951,81,767.2874298462083,kind
1,674,0.2573306218,98,681.0873659083686,said
1,856,0.0258753568,86,860.3092467246879,look
1,874,0.0095091946,90,878.6216478097953,al_juhfa
1,880,0.0067141513,80,883.6288813749809,wherev
1,851,0.0323206683,79,854.658996325435,messag
1,864,0.0250133376,85,868.1710660923917,love
1,804,0.0487562922,96,809.7110595761923,nafi
1,828,0.0370063967,96,833.5466393669883,sham
1,871,0.0141777985,85,875.1377034501485,screen
1,878,0.0064390455,85,882.1048690490264,ukhari
1,884,0.0011092481,0,884.0,wal_maghrami
1,879,0.0075048451,83,882.9099614343469,profess
1,800,0.0649011037,78,803.7935058209913,feet
1,884,0.0011092481,0,884.0,makhzum
1,877,0.0072301845,50,878.4241572270198,jewess
1,819,0.0415489008,84,823.2964229243316,sura
1,882,0.0030436677,33,882.6171310370086,heedless
1,715,0.1303970995,88,720.3950305214494,reward
1,884,0.0011092481,0,884.0,abu_bin_adi
1,878,0.0073589092,85,882.1048690490264,inni
1,875,0.0087635904,70,877.7955342789116,salam
1,819,0.0686186392,95,824.4913583537428,knowledg
1,879,0.0075048451,66,881.474333148731,possess
1,884,0.0011092481,0,884.0,mina_
1,705,0.0898648969,95,711.3719139803032,no
1,875,0.0087635904,80,878.6495319523024,al_khandaq
1,749,0.0872171382,83,753.5847663003811,noth
1,879,0.0075048451,83,882.9099614343469,burnt
1,875,0.0113926675,80,878.6495319523024,ward
1,877,0.0072301845,62,879.1888306842848,cotton
1,884,0.0011092481,0,884.0,nostril
1,797,0.0525757416,79,800.9057372749929,merci
1,883,0.0021077134,50,884.4144955845081,hid
1,884,0.0011092481,0,884.0,tore
1,884,0.0011092481,0,884.0,fitnatil_mamati
1,865,0.0157604399,95,870.2011261771614,uthman_bin_affan
1,876,0.0080044160,77,879.3776208205437,dark
1,866,0.0150990590,94,871.0866776618731,subnarr
1,884,0.0011092481,0,884.0,bakr_bin_abdur_rahman
1,881,0.0039362872,50,882.4177015450223,yaghuth
1,861,0.0183408774,91,865.7955878843459,ali_bin_abi
1,858,0.0269539619,96,863.3539251083532,banquet
1,734,0.0879950403,68,737.1431339977331,bint
1,867,0.0144305028,27,867.4203133429606,barira
1,847,0.0267312443,78,850.5839170828473,quraish
1,879,0.0056286338,83,882.9099614343469,rear
1,837,0.0551262155,95,842.3740261902666,she_camel
1,884,0.0011092481,0,884.0,confid
1,608,0.1205336861,88,614.3354132719356,quran
1,858,0.0366873371,70,860.8507419988671,fever
1,884,0.0011092481,0,884.0,bad_smel
1,868,0.0202270208,88,872.4494254683191,usuri
1,883,0.0021077134,50,884.4144955845081,youd
1,884,0.0011092481,0,884.0,hut
1,860,0.0227653561,76,863.3516085581819,desert
1,884,0.0011092481,0,884.0,rahmatu_l_lah
1,883,0.0021077134,0,883.0,snow
1,875,0.0087635904,90,879.6163936626011,greater
1,883,0.0021077134,50,884.4144955845081,rabah
1,874,0.0095091946,90,878.6216478097953,budn
1,533,0.2064877825,92,540.8816876175417,companion
1,859,0.0648172903,53,860.6334876124679,guardian
1,881,0.0039362872,75,884.1866318826586,suppos
1,882,0.0030436677,66,884.4659405539594,walaka_l_hamd
1,869,0.0130702297,81,872.7668646322453,wont
1,878,0.0091986365,85,882.1048690490264,loser
1,866,0.0270193688,94,871.0866776618731,wound
1,862,0.0238631800,91,866.790055319049,wind
1,865,0.0299448358,90,869.6694774453108,snake
1,854,0.0277582085,90,858.7292937823887,favor
1,828,0.0370063967,87,832.5581060802904,abba
1,872,0.0118077876,92,876.8397801194925,support
1,884,0.0011092481,0,884.0,his_fac
1,883,0.0021077134,0,883.0,mariya
1,621,0.1166040973,94,628.0740402213739,paradis
1,882,0.0050727794,0,882.0,record
1,868,0.0161816166,70,870.8180062447033,cousin
1,817,0.0481643092,94,822.3898102481572,sermon
1,884,0.0011092481,0,884.0,assumpt
1,760,0.0722517327,89,765.1934395955052,did
1,868,0.0137543741,94,873.0750254130512,jarir
1,881,0.0039362872,75,884.1866318826586,tenth
1,883,0.0021077134,50,884.4144955845081,hamza_bin_abdullah
1,884,0.0011092481,0,884.0,ghaffar
1,796,0.0524398914,87,800.7402824886482,satan
1,883,0.0021077134,50,884.4144955845081,der
1,874,0.0103736669,81,877.7454072793546,custom
1,881,0.0039362872,25,881.3546391776695,intox
1,883,0.0021077134,50,884.4144955845081,bottl
1,871,0.0125098222,57,872.863104959764,trade
1,874,0.0095091946,45,875.157700074678,khamisa
1,872,0.0143380278,84,876.0365289187432,thief
1,816,0.0430245936,86,820.5193477304481,abi
1,880,0.0047958224,60,882.0430828479979,susten
1,861,0.0267471129,87,865.384307692253,heir
1,879,0.0056286338,66,881.474333148731,prelslam
1,862,0.0230934000,69,864.7571913548912,trial
1,872,0.0109643742,92,876.8397801194925,allahu_akbar
1,874,0.0146960280,18,874.1853350405736,garland
1,883,0.0021077134,50,884.4144955845081,harith_bin_hisham
1,880,0.0047958224,80,883.6288813749809,amir_bin_rabia
1,848,0.0304011015,29,848.4957277441059,wala
1,880,0.0067141513,80,883.6288813749809,bangl
1,864,0.0164150028,90,868.6748528649831,al_muzdalifa
1,856,0.0214395814,96,861.3663564360986,jumua
1,883,0.0021077134,50,884.4144955845081,maryam
1,877,0.0072301845,87,881.3047146135099,muait
1,880,0.0047958224,80,883.6288813749809,qiyam
1,640,0.1107022425,95,647.0123646422841,hadith
1,598,0.1557729002,86,604.1522986797286,someth
1,844,0.0284265200,87,848.4721562903522,usama_bin_zaid
1,884,0.0011092481,0,884.0,ila
1,877,0.0090377307,87,881.3047146135099,rule
1,883,0.0031615701,50,884.4144955845081,agit
1,839,0.0630506438,95,844.3612970760798,ring
1,878,0.0064390455,57,879.8482823760014,pharaoh
1,884,0.0011092481,0,884.0,taw_af
1,842,0.0419054483,88,846.5860854041956,iron
1,877,0.0072301845,75,880.2011133826178,sweet
1,883,0.0021077134,50,884.4144955845081,lest
1,793,0.0537954156,93,798.4347186840012,uthman
1,883,0.0021077134,0,883.0,standard
1,882,0.0030436677,66,884.4659405539594,majanna
1,883,0.0021077134,0,883.0,aflah
1,495,0.1515318293,90,503.1152949374527,umar
1,878,0.0064390455,85,882.1048690490264,deaf
1,882,0.0030436677,66,884.4659405539594,worshipp
1,883,0.0021077134,50,884.4144955845081,vir
1,884,0.0011092481,0,884.0,al_qurashi
1,813,0.0512783977,95,818.5316120957089,war
1,882,0.0030436677,66,884.4659405539594,ran
1,846,0.0300997884,79,849.6805281986872,troubl
1,881,0.0088566461,75,884.1866318826586,said_bin_al_a
1,855,0.0220444927,90,859.723792854426,al_hasan
1,884,0.0011092481,0,884.0,qarnath_tha_alib
1,884,0.0011092481,0,884.0,yunus_bin_yazid
1,871,0.0125098222,92,875.8453059758898,bank
1,883,0.0021077134,50,884.4144955845081,safflow
1,884,0.0011092481,0,884.0,mit
1,873,0.0119495242,91,877.7300268305739,abov
1,875,0.0096399494,80,878.6495319523024,appear
1,860,0.0212476657,88,864.4906014526705,anger
1,883,0.0189694208,50,884.4144955845081,to_ibn_az_zubair
1,881,0.0049203590,50,882.4177015450223,ighfirli
1,879,0.0056286338,83,882.9099614343469,samia_l_lahu
1,877,0.0072301845,62,879.1888306842848,entranc
1,884,0.0011092481,0,884.0,po
1,803,0.0492224360,98,808.9579717142294,qatada
1,855,0.0264533913,86,859.3142614899394,tomorrow
1,849,0.0262938858,80,852.7608105441994,law
1,872,0.0109643742,92,876.8397801194925,sunris
1,863,0.0170630714,81,866.7929395190065,everybodi
1,884,0.0011092481,0,884.0,thuklayah
1,883,0.0021077134,0,883.0,hijab
1,874,0.0095091946,90,878.6216478097953,ishmael
1,879,0.0056286338,66,881.474333148731,habit
1,882,0.0050727794,66,884.4659405539594,hit
1,844,0.0443731044,87,848.4721562903522,forgiv
1,875,0.0087635904,80,878.6495319523024,fault
1,884,0.0011092481,0,884.0,whataisha
1,881,0.0098407179,75,884.1866318826586,read
1,863,0.0302481721,45,864.1724364963279,beauti
1,882,0.0030436677,66,884.4659405539594,youngster
1,862,0.0254027400,95,867.219118792938,firm
1,866,0.0150990590,84,870.0643654351096,mudd
1,855,0.0264533913,80,858.7345340674265,arm
1,883,0.0084308537,0,883.0,scarf
1,881,0.0039362872,0,881.0,at_tanim
1,880,0.0086324803,80,883.6288813749809,nobl
1,884,0.0011092481,0,884.0,kudh_dhibu
1,863,0.0170630714,95,868.213107479955,talbiya
1,882,0.0030436677,33,882.6171310370086,henna
1,608,0.1205336861,83,613.6391447748424,mecca
1,869,0.0147040084,56,870.8025034415094,spot
1,884,0.0011092481,0,884.0,muhammad_bin_abdurrahman_bin_nawf
1,847,0.0267312443,97,852.5362162395214,dirham
1,874,0.0103736669,63,876.2676531745309,instrument
1,879,0.0056286338,66,881.474333148731,thick
1,791,0.0558552989,75,794.5476700614004,divin
1,332,0.2812752686,89,343.72227160892555,hand
1,884,0.0011092481,0,884.0,as_samu_alaikum
1,879,0.0065667395,50,880.4209220594431,juic
1,878,0.0064390455,85,882.1048690490264,qasim
1,822,0.0400545768,96,827.5868534480232,vol
1,880,0.0047958224,0,880.0,cruelti
1,850,0.0442920927,97,855.5168028741458,king
1,884,0.0011092481,0,884.0,stealth
1,884,0.0011092481,0,884.0,eastward
1,856,0.0569257850,65,858.4643265739119,eclips
1,842,0.0439663720,95,847.3423157142572,town
1,847,0.0281381518,84,851.1550974998622,didnt
1,873,0.0128030616,91,877.7300268305739,defect
1,883,0.0021077134,50,884.4144955845081,_bin_rabia
1,833,0.0403545960,90,837.8478382140758,wall
1,884,0.0011092481,0,884.0,sam
1,872,0.0126512010,92,876.8397801194925,decre
1,879,0.0065667395,66,881.474333148731,manumiss
1,884,0.0011092481,0,884.0,banra
1,861,0.0206334871,54,862.691717822769,choic
1,884,0.0011092481,0,884.0,fragranc
1,883,0.0021077134,50,884.4144955845081,al_jurf
1,875,0.0113926675,70,877.7955342789116,mile
1,688,0.1271158703,87,693.4789109987412,face
1,878,0.0064390455,85,882.1048690490264,di
1,882,0.0121746706,66,884.4659405539594,mortgag
1,884,0.0011092481,0,884.0,shamah
1,877,0.0081339576,75,880.2011133826178,problem
1,824,0.0486494382,90,828.9004765350301,moon
1,884,0.0011092481,0,884.0,appar
1,860,0.0242830465,60,862.0904824900922,curtain
1,806,0.0986643631,94,811.4628765384157,pray
1,777,0.0855829677,91,782.3106799731165,money
1,750,0.1214812826,94,755.8677132938012,sheep
1,882,0.0030436677,66,884.4659405539594,al_baqi
1,884,0.0011092481,0,884.0,wa_l_lana
1,881,0.0049203590,50,882.4177015450223,shine
1,804,0.0613968124,81,808.0699227170876,blood
1,883,0.0021077134,50,884.4144955845081,nam
1,823,0.0452936227,80,826.879072174402,intent
1,884,0.0011092481,0,884.0,lubaid_bin_al_aam
1,881,0.0039362872,25,881.3546391776695,asia
1,881,0.0039362872,25,881.3546391776695,sada
1,859,0.0195959250,76,862.35549514107,narrated_ibn_abi
1,870,0.0123775711,60,872.066511224918,havent
1,877,0.0090377307,75,880.2011133826178,cover
1,876,0.0080044160,88,880.4089958649901,ab
1,882,0.0030436677,66,884.4659405539594,abandon
1,854,0.0226448543,87,858.4200603434196,dhul_hijja
1,880,0.0047958224,80,883.6288813749809,aqaba
1,882,0.0030436677,66,884.4659405539594,idri
1,878,0.0073589092,85,882.1048690490264,decis
1,878,0.0064390455,85,882.1048690490264,hashim
1,872,0.0143380278,92,876.8397801194925,calam
1,867,0.0184389757,94,872.0808448762076,tumbler
1,846,0.0398997195,76,849.4068518678196,liar
1,875,0.0087635904,90,879.6163936626011,al_miswar
1,882,0.0040582235,66,884.4659405539594,stage
1,881,0.0039362872,75,884.1866318826586,al_miqdad_bin_al_aswad
1,881,0.0039362872,75,884.1866318826586,suitor
1,877,0.0081339576,87,881.3047146135099,inheritor
1,883,0.0021077134,50,884.4144955845081,painter
1,884,0.0011092481,0,884.0,allahumma_ighfirli
1,881,0.0039362872,75,884.1866318826586,disapprov
1,864,0.0187600032,90,868.6748528649831,male
1,884,0.0011092481,0,884.0,zahra
1,861,0.0206334871,87,865.384307692253,even
1,884,0.0011092481,0,884.0,al_quraishi
1,883,0.0042154269,0,883.0,fore_tel
1,787,0.0916144877,91,792.2436493907667,follow
1,708,0.0878002185,73,711.7534685549484,hajj
1,883,0.0021077134,0,883.0,qasim_bin_muhammad
1,877,0.0090377307,50,878.4241572270198,dough
1,883,0.0021077134,50,884.4144955845081,complain
1,882,0.0050727794,66,884.4659405539594,caller
1,879,0.0065667395,66,881.474333148731,waist
1,873,0.0119495242,41,873.9622417473195,credit
1,884,0.0011092481,0,884.0,peer
1,884,0.0011092481,0,884.0,ibn_az_zubair
1,884,0.0011092481,0,884.0,lubaid_bin_asam
1,856,0.0317897241,96,861.3663564360986,announc
1,881,0.0039362872,75,884.1866318826586,hebrew
1,728,0.1260329380,85,732.9454277093214,month
1,884,0.0011092481,0,884.0,dissatisfact
1,799,0.0718550783,83,803.2994460349141,wealth
1,699,0.0910112945,86,704.2705446062614,um
1,781,0.0590879564,70,784.1307288966553,ihram
1,883,0.0021077134,50,884.4144955845081,zuhra
1,876,0.0088937955,88,880.4089958649901,strength
1,879,0.0056286338,83,882.9099614343469,point
1,884,0.0011092481,0,884.0,bride_groom
1,884,0.0011092481,0,884.0,affin
1,866,0.0206618702,63,868.2885465097418,miser
1,856,0.0258753568,79,859.6377143890326,room
1,881,0.0039362872,0,881.0,abdurrahman_bin_az_zubair
1,464,0.2359468561,86,471.90253230937424,night
1,846,0.0335997638,69,848.8091658317552,diseas
1,842,0.0405314992,95,847.3423157142572,go
1,812,0.0763782123,86,816.5414870047939,sacrific
1,882,0.0030436677,33,882.6171310370086,healer
1,851,0.0258565346,76,854.3869146938055,whereupon
1,871,0.0133438103,92,875.8453059758898,shelter
1,850,0.0250036007,88,854.5431528015423,zaid
1,879,0.0065667395,83,882.9099614343469,dislik
1,884,0.0011092481,0,884.0,erect
1,878,0.0064390455,85,882.1048690490264,khumu
1,841,0.0451376970,97,846.5754544043904,sword
1,873,0.0145101365,75,876.2157268618271,seclus
1,883,0.0021077134,50,884.4144955845081,drum
1,882,0.0030436677,66,884.4659405539594,bow_length
1,828,0.0499910973,80,831.8557567270902,gift
1,858,0.0351898947,92,862.9183043602679,die
1,837,0.0450421516,91,841.9323013164419,owner
1,883,0.0021077134,0,883.0,at_talbina
1,679,0.1678256828,91,685.0707992609231,deed
1,869,0.0147040084,87,873.3441475157431,musk
1,778,0.0885958766,88,782.9610462851904,pagan
1,874,0.0172894448,90,878.6216478097953,batch
1,866,0.0150990590,21,866.2545815174659,khadija
1,884,0.0011092481,0,884.0,wabihamdika
1,817,0.0512918618,76,820.527269504189,faith
1,884,0.0011092481,0,884.0,sahuliya
1,861,0.0183408774,95,866.2251439435362,thabit
1,883,0.0021077134,0,883.0,subhanaka_allahumma
1,884,0.0011092481,0,884.0,den
1,845,0.0334378450,87,849.4668916444007,peac
1,665,0.2024551144,95,671.7514421272201,camel
1,882,0.0030436677,66,884.4659405539594,yazid_bin_muawiya
1,872,0.0118077876,69,874.7256712821454,therein
1,863,0.0170630714,95,868.213107479955,mujahid
1,856,0.0280932445,89,860.6143154747078,dawn
1,883,0.0021077134,0,883.0,on_look
1,882,0.0030436677,66,884.4659405539594,al_humaidi
1,859,0.0293938874,96,864.3477309509177,martyr
1,825,0.0385407342,31,825.5822188007685,urwa
1,883,0.0021077134,0,883.0,hajafa
1,794,0.0533450809,91,799.1977227194782,book
1,884,0.0011092481,0,884.0,udm
1,883,0.0021077134,50,884.4144955845081,compan
1,864,0.0187600032,90,868.6748528649831,heat
1,844,0.0339731581,92,848.999411071645,are
1,866,0.0150990590,89,870.5613131767343,trench
1,707,0.0881600352,79,711.4000281135783,kaba
1,883,0.0021077134,0,883.0,mujazziz
1,859,0.0293938874,84,863.097329389913,dweller
1,878,0.0147178183,85,882.1048690490264,move
1,813,0.0463359016,93,818.3019002788641,lifetim
1,880,0.0086324803,80,883.6288813749809,thorn
1,884,0.0011092481,0,884.0,fibr
1,869,0.0187884552,87,873.3441475157431,fill
1,826,0.0631711598,64,828.4757087567505,condit
1,879,0.0056286338,83,882.9099614343469,wasq
1,848,0.0261590873,78,851.5797085417196,ad_dajj
1,625,0.1468845521,91,631.5900569198346,men
1,884,0.0011092481,0,884.0,abdullah_bin_mulaika
1,831,0.0479238044,87,835.5417404295251,leg
1,797,0.0614368217,80,801.0049937422363,home
1,882,0.0030436677,0,882.0,au
1,852,0.0238325049,84,856.1308311233745,christian
1,883,0.0021077134,50,884.4144955845081,view
1,845,0.0369209539,82,848.9693751838166,talk
1,851,0.0416577502,91,855.851622654301,alm
1,875,0.0113926675,70,877.7955342789116,scorpion
1,841,0.0382986520,61,843.209345299256,ill
1,803,0.0492224360,91,808.1398393842492,talha
1,866,0.0150990590,78,869.505606652424,tion
1,881,0.0049203590,0,881.0,liber
1,826,0.0380316166,91,830.9975932576459,adam
1,883,0.0021077134,0,883.0,majinna
1,743,0.0909904089,80,747.2944533448646,statement
1,884,0.0011092481,0,884.0,minal_ma
1,881,0.0088566461,50,882.4177015450223,heal
1,868,0.0137543741,76,871.3208364316786,al_abba
1,884,0.0011092481,0,884.0,asked_ibn_shihab
1,884,0.0011092481,0,884.0,softheart
1,873,0.0102424493,41,873.9622417473195,as_siddiq
1,870,0.0165034282,93,874.9565703507803,medicin
1,699,0.1286880132,89,704.6431721091179,tribe
1,850,0.0350050410,77,853.4805211602664,bread
1,880,0.0047958224,80,883.6288813749809,alhamdu
1,884,0.0011092481,0,884.0,nashra
1,858,0.0396822217,96,863.3539251083532,fight
1,869,0.0130702297,93,873.9622417473195,adha
1,871,0.0158457748,85,875.1377034501485,tone
1,767,0.0650244471,94,772.7386362800814,badr
1,881,0.0039362872,50,882.4177015450223,monday
1,881,0.0039362872,75,884.1866318826586,grace
1,728,0.0860712748,80,732.3824137702926,may
1,882,0.0030436677,0,882.0,khazraj
1,783,0.0764846087,95,788.7420364098772,intercours
1,884,0.0011092481,0,884.0,ubaidullah_bin_abdullah_bin_uqba
1,884,0.0011092481,0,884.0,hujra
1,884,0.0011092481,0,884.0,huraura
1,855,0.0227793092,83,859.0192081670817,east
1,879,0.0056286338,83,882.9099614343469,sputum
1,884,0.0011092481,0,884.0,band
1,875,0.0140217446,90,879.6163936626011,deal
1,872,0.0109643742,92,876.8397801194925,datepalm
1,884,0.0011092481,0,884.0,fuhsh
1,859,0.0195959250,76,862.35549514107,bewar
1,819,0.0591757072,93,824.2633074448966,question
1,871,0.0116758341,85,875.1377034501485,alqama
1,841,0.0369308430,81,844.891709037318,practic
1,884,0.0011092481,0,884.0,foster_uncl
1,883,0.0021077134,50,884.4144955845081,by_ibn_abba
1,775,0.1003405831,86,779.7570134343134,dream
1,884,0.0011092481,0,884.0,beneath
1,848,0.0304011015,72,851.0511147986354,help
1,827,0.0543395769,41,828.0157003342389,mens
1,880,0.0047958224,80,883.6288813749809,ar_rahman
1,855,0.0293926570,76,858.3711318538153,had
1,884,0.0011092481,0,884.0,salma_bin_abdur
1,884,0.0011092481,0,884.0,utba_bin_rabi
1,869,0.0179715658,75,872.2304741294012,mark
1,881,0.0039362872,75,884.1866318826586,surpris
1,869,0.0130702297,87,873.3441475157431,muadhdhin
1,882,0.0050727794,66,884.4659405539594,bosom
1,879,0.0056286338,66,881.474333148731,tur
1,844,0.0311998390,78,847.5966021640247,sight
1,838,0.0486063189,93,843.1447088133804,evil
1,884,0.0011092481,0,884.0,undo
1,859,0.0241180615,96,864.3477309509177,opinion
1,844,0.0284265200,68,846.7349053865678,safa
1,884,0.0011092481,0,884.0,abu_burda
1,852,0.0259990963,96,857.3913925390201,freed
1,877,0.0072301845,87,881.3047146135099,sulaiman
1,880,0.0057549869,80,883.6288813749809,truce
1,883,0.0021077134,50,884.4144955845081,vein
1,871,0.0191817274,92,875.8453059758898,prison
1,884,0.0011092481,0,884.0,muscl
1,826,0.0380316166,81,829.9620473250569,raka
1,882,0.0030436677,0,882.0,qaif
1,868,0.0161816166,76,871.3208364316786,devil
1,835,0.0640133482,84,839.2145136971834,be
1,868,0.0202270208,64,870.3562489004144,cushion
1,884,0.0033277444,0,884.0,on_ibn_az_zubair
1,884,0.0011092481,0,884.0,circumambul
1,883,0.0031615701,50,884.4144955845081,drowsi
1,878,0.0064390455,85,882.1048690490264,dhul_qada
1,884,0.0011092481,0,884.0,dhatul_jaish
1,700,0.0906575001,87,705.3857100905858,bani
1,884,0.0011092481,0,884.0,abdurrahman_bin_abi
1,884,0.0011092481,0,884.0,alfalaq
1,802,0.0712378647,90,807.034076108314,heart
1,876,0.0080044160,88,880.4089958649901,abdullah_bin_rawaha
1,844,0.0395197961,90,848.7850140053133,contain
1,877,0.0072301845,87,881.3047146135099,bukhari
1,882,0.0030436677,33,882.6171310370086,disagr
1,781,0.0590879564,75,784.5928880636122,ramadan
1,775,0.1081884500,90,780.2083055184686,land
1,883,0.0021077134,50,884.4144955845081,muzdalifa
1,858,0.0247077984,96,863.3539251083532,partner
1,882,0.0040582235,66,884.4659405539594,belt
1,874,0.0103736669,72,876.9606604631704,materi
1,500,0.2146657562,81,506.5185090398968,place
1,883,0.0042154269,50,884.4144955845081,lineag
1,876,0.0080044160,88,880.4089958649901,maula
1,883,0.0021077134,0,883.0,subhanka
1,884,0.0011092481,0,884.0,dialect__y
1,871,0.0125098222,92,875.8453059758898,start
1,883,0.0021077134,50,884.4144955845081,stead
1,854,0.0336020419,83,858.0238924412304,shirt
1,878,0.0073589092,71,880.8660511110642,result
1,877,0.0072301845,87,881.3047146135099,ter
1,847,0.0267312443,97,852.5362162395214,bakra
1,874,0.0129670836,72,876.9606604631704,sat
1,883,0.0021077134,50,884.4144955845081,kalb
1,880,0.0047958224,0,880.0,chamber
1,876,0.0080044160,66,878.4827829843906,hira
1,884,0.0033277444,0,884.0,invad
1,879,0.0065667395,83,882.9099614343469,ye
1,884,0.0011092481,0,884.0,az_zuhi
1,816,0.0430245936,89,820.8392047167338,hereaft
1,852,0.0238325049,69,854.7894477589203,joseph
1,883,0.0042154269,50,884.4144955845081,retort
1,883,0.0021077134,50,884.4144955845081,substanc
1,884,0.0011092481,0,884.0,ullah
1,658,0.1049254101,96,664.9661645527538,abdullah_bin_umar
1,883,0.0021077134,50,884.4144955845081,a_l_lahu
1,874,0.0095091946,54,875.666603222939,al_marwa
1,879,0.0056286338,50,880.4209220594431,cool
1,866,0.0230459322,84,870.0643654351096,plagu
1,881,0.0039362872,50,882.4177015450223,featur
1,883,0.0021077134,0,883.0,khuwailid
1,880,0.0047958224,0,880.0,jalil
1,787,0.0564667911,70,790.1069547852367,tawaf
1,881,0.0068885025,75,884.1866318826586,audhu
1,844,0.0353598176,85,848.2694147498188,behalf
1,867,0.0144305028,94,872.0808448762076,nawafil
1,884,0.0011092481,0,884.0,laamrullahi
1,883,0.0021077134,50,884.4144955845081,sad_bin_abu
1,856,0.0317897241,72,859.0227005149515,chest
1,452,0.1620673393,98,462.50189188802244,narrated_ibn_abba
1,884,0.0011092481,0,884.0,hand_mil
1,873,0.0102424493,91,877.7300268305739,hudaibiya
1,880,0.0047958224,80,883.6288813749809,festiv
1,786,0.0649545187,92,791.3659077822344,hour
1,881,0.0059044308,0,881.0,pollen
1,883,0.0031615701,50,884.4144955845081,gentl
1,865,0.0189125279,90,869.6694774453108,grandfath
1,821,0.0405548080,95,826.4780698844949,whose
1,884,0.0011092481,0,884.0,halq
1,823,0.0395521776,96,828.5801107919499,ibn
1,883,0.0021077134,0,883.0,shadow
1,879,0.0056286338,66,881.474333148731,evid
1,884,0.0022184962,0,884.0,deviat
1,883,0.0021077134,50,884.4144955845081,etri
1,832,0.0349268508,88,836.6409026577651,iqama
1,862,0.0177049400,73,865.0855449029305,rahman
1,867,0.0224474487,94,872.0808448762076,sanctuari
1,884,0.0011092481,0,884.0,yusuf_bin_mahak
1,764,0.1374609863,90,769.2827828568634,oath
1,724,0.1073807565,88,729.3284582408669,narrat
1,873,0.0110959867,75,876.2157268618271,re
1,883,0.0021077134,50,884.4144955845081,so_andso
1,884,0.0011092481,0,884.0,maid_serv
1,884,0.0011092481,0,884.0,abdur_rahman_bin_namir
1,866,0.0150990590,94,871.0866776618731,abdullah_bin_ubai
1,883,0.0021077134,50,884.4144955845081,niec
1,868,0.0137543741,52,869.5562086489866,janaba
1,870,0.0140279139,93,874.9565703507803,ghira
1,823,0.0427418693,90,827.9063956752599,soul
1,732,0.1258630277,83,736.690572764441,hair
1,837,0.0322690042,91,841.9323013164419,abdul
1,880,0.0115099737,80,883.6288813749809,copi
1,882,0.0030436677,66,884.4659405539594,hajjat_al_wada
1,846,0.0321997736,84,850.1599849440104,aunt
1,874,0.0095091946,72,876.9606604631704,iraq
1,850,0.0457208699,51,851.5286254730372,pictur
1,867,0.0144305028,66,869.5084818447718,ceremoni
1,873,0.0128030616,58,874.9245681771657,saliva
1,877,0.0072301845,50,878.4241572270198,alaikum
1,884,0.0022184962,0,884.0,appropri
1,760,0.0755112093,88,765.0777738243348,__
1,882,0.0030436677,33,882.6171310370086,al_bit
1,881,0.0039362872,75,884.1866318826586,an_nisa
1,884,0.0011092481,0,884.0,iii
1,880,0.0047958224,0,880.0,utba_bin_abi
1,883,0.0021077134,50,884.4144955845081,becaus
1,883,0.0021077134,50,884.4144955845081,lump
1,878,0.0064390455,85,882.1048690490264,unit
1,882,0.0030436677,66,884.4659405539594,fond
1,736,0.1111574511,82,740.5538467930606,brother
1,884,0.0011092481,0,884.0,masi
1,881,0.0049203590,75,884.1866318826586,powder
1,868,0.0145634549,88,872.4494254683191,forenoon
1,840,0.0326832920,91,844.9147886029691,latter
1,867,0.0144305028,5,867.0144174118444,sauda
1,856,0.0251360609,68,858.6966868458269,shield
1,873,0.0204848986,75,876.2157268618271,crescent
1,514,0.1585346696,76,519.5882985595422,vers
1,724,0.1012737941,83,728.7420668521888,morn
1,884,0.0011092481,0,884.0,urwa_bin_al_musayyab
1,883,0.0021077134,50,884.4144955845081,hijrah
1,881,0.0039362872,75,884.1866318826586,ment
1,876,0.0124513138,77,879.3776208205437,mistak
1,874,0.0095091946,90,878.6216478097953,alon
1,884,0.0011092481,0,884.0,al_mushail
1,884,0.0011092481,0,884.0,allright
1,880,0.0047958224,80,883.6288813749809,call_mak
1,802,0.0670474021,81,806.0800208416035,relat
1,880,0.0076733158,60,882.0430828479979,therewith
1,881,0.0039362872,50,882.4177015450223,cock
1,842,0.0432793975,86,846.3805290766087,offer
1,878,0.0082787728,85,882.1048690490264,self_respect
1,848,0.0261590873,64,850.4116650187719,waqqa
1,884,0.0011092481,0,884.0,amr_bin_luhai
1,884,0.0011092481,0,884.0,walak_lhamd
1,881,0.0049203590,75,884.1866318826586,rush
1,884,0.0011092481,0,884.0,ca
1,878,0.0073589092,57,879.8482823760014,let
1,772,0.0629318147,98,778.1953482256239,jabir
1,802,0.0682446771,91,807.1462073255377,back
1,846,0.0314997786,94,851.2062029849171,hold
1,834,0.0464907077,96,839.5069981840533,silver
1,884,0.0011092481,0,884.0,adi_bin_kab
1,866,0.0206618702,84,870.0643654351096,forti
1,881,0.0039362872,0,881.0,beef
1,884,0.0011092481,0,884.0,abdur_rahman_bin_al_hakarn
1,884,0.0011092481,0,884.0,fist
1,807,0.0473476578,88,811.7838382229595,holi
1,878,0.0064390455,57,879.8482823760014,utba_bin_rabia
1,787,0.0708715848,92,792.3591357459065,mouth
1,847,0.0267312443,81,850.8642664961316,arab
1,881,0.0039362872,75,884.1866318826586,aiman
1,882,0.0030436677,0,882.0,shama
1,884,0.0011092481,0,884.0,swing
1,878,0.0064390455,85,882.1048690490264,laka
1,820,0.0606319828,90,824.9242389456138,sky
1,880,0.0057549869,40,880.9086218218097,hamidah
1,883,0.0021077134,50,884.4144955845081,hijra
1,880,0.0047958224,60,882.0430828479979,kada
1,881,0.0049203590,75,884.1866318826586,grant
1,869,0.0130702297,56,870.8025034415094,tayammum
1,873,0.0153636740,75,876.2157268618271,ten
1,881,0.0039362872,75,884.1866318826586,harsh
1,872,0.0109643742,76,875.3056608979517,creatur
1,876,0.0080044160,77,879.3776208205437,al_aslami
1,864,0.0250133376,85,868.1710660923917,migrat
1,876,0.0080044160,88,880.4089958649901,al_hasan_bin_ali
1,789,0.0642667626,89,794.0037783285417,word
1,856,0.0295718363,93,861.0371652838221,servant
1,882,0.0030436677,66,884.4659405539594,proud
1,878,0.0082787728,85,882.1048690490264,renegad
1,874,0.0190183892,45,875.157700074678,magic
1,739,0.0804168402,97,745.3388491149512,caus
1,881,0.0039362872,75,884.1866318826586,etern
1,866,0.0190724956,84,870.0643654351096,expiat
1,883,0.0021077134,0,883.0,hamza_bin_amr
1,723,0.0823078011,82,727.6352108027758,rakat
1,880,0.0057549869,60,882.0430828479979,corps
1,879,0.0056286338,83,882.9099614343469,adulter
1,858,0.0239590773,88,862.501014492157,wheat
1,884,0.0011092481,0,884.0,liquid
1,859,0.0195959250,96,864.3477309509177,muttalib
1,837,0.0389917134,95,842.3740261902666,half
1,877,0.0072301845,62,879.1888306842848,al_laith
1,877,0.0072301845,87,881.3047146135099,fateh_al_bari
1,599,0.1430213011,87,605.2850568120776,mosqu
1,829,0.0364902133,87,833.5526378099946,surat
1,883,0.0021077134,50,884.4144955845081,walmu
1,841,0.0328274160,90,845.8019862828415,tradit
1,878,0.0064390455,85,882.1048690490264,al_laithi
1,872,0.0151814412,61,874.1309970479253,comb
1,880,0.0047958224,80,883.6288813749809,al_asi_bin_wail
1,882,0.0030436677,66,884.4659405539594,some_on
1,878,0.0064390455,57,879.8482823760014,begin
1,539,0.2004018762,83,545.3530966263967,father
1,870,0.0123775711,86,874.2402415812257,riba
1,878,0.0064390455,0,878.0,abu_bin_zama
1,865,0.0157604399,80,868.691544795965,puberti
1,882,0.0030436677,0,882.0,quarter
1,883,0.0021077134,0,883.0,infant
1,880,0.0047958224,60,882.0430828479979,tray
1,884,0.0011092481,0,884.0,as_sam
1,879,0.0056286338,66,881.474333148731,al_baqara
1,882,0.0030436677,66,884.4659405539594,salama_bin_abdur
1,883,0.0021077134,50,884.4144955845081,ubaid_ullah
1,823,0.0861216770,90,827.9063956752599,debt
1,884,0.0011092481,0,884.0,product
1,880,0.0047958224,80,883.6288813749809,one_fifth
1,872,0.0109643742,84,876.0365289187432,afterward
1,878,0.0064390455,85,882.1048690490264,plain
1,884,0.0011092481,0,884.0,alyaman
1,876,0.0106725547,88,880.4089958649901,thought
1,884,0.0011092481,0,884.0,anbijania
1,879,0.0084429508,83,882.9099614343469,cross
1,786,0.0569070562,83,790.3701664410164,al
1,884,0.0011092481,0,884.0,dili
1,884,0.0011092481,0,884.0,qiram
1,857,0.0424038543,89,861.6089600276914,captiv
1,858,0.0299488466,96,863.3539251083532,utensil
1,817,0.0556704353,92,822.1636090219513,nation
1,884,0.0011092481,0,884.0,such_and
1,882,0.0050727794,66,884.4659405539594,happi
1,881,0.0068885025,50,882.4177015450223,syrup
1,883,0.0031615701,50,884.4144955845081,toy
1,883,0.0021077134,50,884.4144955845081,ic
1,884,0.0011092481,0,884.0,dhi_l_hijja
1,819,0.0415489008,63,821.4195030555337,fatima
1,855,0.0220444927,90,859.723792854426,malik
1,880,0.0047958224,20,880.2272433866154,fadak
1,874,0.0095091946,90,878.6216478097953,ubaid
1,870,0.0123775711,73,873.0572718899946,siwak
1,879,0.0056286338,83,882.9099614343469,pre_islam
1,689,0.1272984812,81,693.7449098912366,death
1,884,0.0011092481,0,884.0,_ibn_ad_daghna
1,881,0.0039362872,50,882.4177015450223,rabid
1,883,0.0021077134,0,883.0,ltikaf
1,874,0.0095091946,45,875.157700074678,ubaidullah_bin_abdullah
1,859,0.0195959250,96,864.3477309509177,zaid_bin_khalid
1,884,0.0011092481,0,884.0,triumphant
1,870,0.0123775711,20,870.2298546935746,utba
1,881,0.0059044308,25,881.3546391776695,fring
1,882,0.0263784530,66,884.4659405539594,and_ibn_az_zubair
1,873,0.0119495242,91,877.7300268305739,pebbl
1,877,0.0234980998,37,877.7801547084555,and_ibn_abba
1,834,0.0444982488,94,839.2806443615866,foot
1,848,0.0261590873,59,850.0499985294982,hisham
1,884,0.0011092481,0,884.0,az_zuhari
1,881,0.0039362872,50,882.4177015450223,whole
1,750,0.0884468988,86,754.9145647025232,front
1,529,0.2113117121,79,534.8663384435405,hous
1,881,0.0039362872,50,882.4177015450223,shouldnt
1,884,0.0011092481,0,884.0,infus
1,881,0.0039362872,0,881.0,waraqa
1,883,0.0021077134,50,884.4144955845081,al_yaman
1,826,0.0477006716,84,830.2602001782333,uncl
1,884,0.0011092481,0,884.0,bridal_money
1,782,0.0854191093,90,787.1619909523071,mountain
1,884,0.0011092481,0,884.0,deserv
1,683,0.1429496720,80,687.6692518936702,believ
1,879,0.0065667395,83,882.9099614343469,suffer
1,823,0.0548626979,98,828.8142131985913,finger
1,876,0.0115619342,66,878.4827829843906,bleed
1,884,0.0011092481,0,884.0,freed_slav
1,880,0.0076733158,40,880.9086218218097,file
1,875,0.0096399494,40,875.9138085451102,lap
1,871,0.0125098222,50,872.4339516547943,wherein
1,884,0.0033277444,0,884.0,solar
1,883,0.0021077134,50,884.4144955845081,admonit
1,868,0.0186088591,70,870.8180062447033,breath
1,861,0.0206334871,83,864.9913294363129,teeth
1,881,0.0039362872,75,884.1866318826586,valu
1,825,0.0385407342,96,830.5666740244277,salim
1,883,0.0021077134,50,884.4144955845081,hasir
1,880,0.0047958224,80,883.6288813749809,gospel
1,851,0.0244200605,58,852.9742082853385,itikaf
1,884,0.0011092481,0,884.0,as_sunh
1,871,0.0150117866,92,875.8453059758898,nail
1,882,0.0030436677,66,884.4659405539594,fa
1,884,0.0011092481,0,884.0,waraqa_bin_
1,884,0.0011092481,0,884.0,storag
1,879,0.0056286338,66,881.474333148731,forumra
1,857,0.0208299635,89,861.6089600276914,al_miswar_bin_makhrama
1,875,0.0175271808,30,875.5141346660258,foster
1,883,0.0021077134,50,884.4144955845081,bravo
1,883,0.0021077134,50,884.4144955845081,tuesday
1,856,0.0347469077,86,860.3092467246879,virgin
1,641,0.1836753553,90,647.2874168404635,son
1,870,0.0123775711,80,873.6704184073077,kufa
1,851,0.0308841941,91,855.851622654301,invoc
1,883,0.0021077134,50,884.4144955845081,bridegroom
1,381,0.2390274130,87,390.8068576675696,time
1,880,0.0057549869,60,882.0430828479979,situat
1,842,0.0336617536,81,845.8871083070128,leather
1,877,0.0072301845,87,881.3047146135099,asad
1,838,0.0378049147,97,843.5952821110369,market
1,878,0.0073589092,85,882.1048690490264,destin
1,879,0.0056286338,83,882.9099614343469,recompens
1,879,0.0056286338,83,882.9099614343469,unseen
1,837,0.0410085261,83,841.1052252839712,shoe
1,861,0.0213976903,91,865.7955878843459,congreg
1,879,0.0093810564,83,882.9099614343469,pillow
1,878,0.0064390455,71,880.8660511110642,sorrow
1,881,0.0039362872,75,884.1866318826586,have
1,884,0.0011092481,0,884.0,lunch
1,882,0.0040582235,33,882.6171310370086,bind
1,865,0.0204885718,85,869.1662671779203,sens
1,884,0.0011092481,0,884.0,women_friend
1,882,0.0030436677,66,884.4659405539594,extravag
1,857,0.0208299635,64,859.3864090151764,sad_bin_abi
1,865,0.0157604399,55,866.7467911679859,jahsh
1,884,0.0011092481,0,884.0,cush
1,884,0.0011092481,0,884.0,uvula
1,852,0.0238325049,90,856.7403340569417,al_ashari
1,709,0.1092995375,71,712.5461388569865,period
1,838,0.0317291248,85,842.2998278522915,az_zubair
1,875,0.0210326169,90,879.6163936626011,sourc
1,882,0.0030436677,66,884.4659405539594,allow
1,863,0.0178386656,81,866.7929395190065,sick
1,883,0.0021077134,50,884.4144955845081,salv
1,844,0.0409064556,90,848.7850140053133,armi
1,864,0.0289216716,95,869.2071099571149,judg
1,880,0.0047958224,60,882.0430828479979,so
1,784,0.0732305245,95,789.7347656017178,world
1,884,0.0011092481,0,884.0,adopted_fath
1,878,0.0064390455,85,882.1048690490264,muhajirin
1,879,0.0056286338,83,882.9099614343469,hijaz
1,880,0.0047958224,80,883.6288813749809,hen
1,730,0.0796807447,89,735.4053304130995,ansar
1,879,0.0056286338,66,881.474333148731,pearl
1,874,0.0095091946,90,878.6216478097953,abdullah_bin_
1,880,0.0067141513,80,883.6288813749809,self
1,863,0.0209410422,77,866.428300553485,dwell
1,882,0.0060873353,66,884.4659405539594,squar
1,884,0.0011092481,0,884.0,abtar
1,872,0.0160248546,92,876.8397801194925,star
1,884,0.0011092481,0,884.0,almulabbada
1,872,0.0109643742,76,875.3056608979517,al_amash
1,816,0.0530013110,85,820.4151388169284,mean
1,824,0.0441685689,81,827.9716178710476,need
1,876,0.0106725547,77,879.3776208205437,nearer
1,883,0.0021077134,0,883.0,shelf
1,799,0.0682920166,93,804.3941819779653,voic
1,871,0.0150117866,92,875.8453059758898,omen
1,884,0.0011092481,0,884.0,al_mudliji
1,884,0.0011092481,0,884.0,daylight
1,882,0.0030436677,66,884.4659405539594,ina
1,879,0.0112572677,33,879.619235806039,except
1,882,0.0030436677,66,884.4659405539594,shower
1,875,0.0131453856,80,878.6495319523024,guid
1,822,0.0400545768,98,827.8212367413631,friday
1,850,0.0250036007,82,853.9461341325926,abdur
1,867,0.0304643947,88,871.4545312292547,vow
1,850,0.0300043209,97,855.5168028741458,belief
1,850,0.0692956934,77,853.4805211602664,repli
1,811,0.0626401971,87,815.6531125423356,news
1,879,0.0075048451,33,879.619235806039,perfect
1,882,0.0030436677,0,882.0,labid_bin_al_aam
1,868,0.0177997783,82,871.8646683975674,aloud
1,778,0.1027035002,92,783.4207043472875,tree
1,882,0.0030436677,66,884.4659405539594,uniqu
1,884,0.0011092481,0,884.0,al_hum
1,774,0.0766291264,89,779.1001219355571,life
1,826,0.0380316166,79,829.7692450314123,mina
1,822,0.0553134632,90,826.912329089366,thrice
1,882,0.0030436677,0,882.0,al_ifada
1,847,0.0668281106,84,851.1550974998622,greet
1,828,0.0525880375,68,830.7875781449792,door
1,883,0.0042154269,50,884.4144955845081,trough
1,830,0.0804455580,90,834.8652585896721,gate
1,870,0.0156782568,40,870.9190547921202,tell
1,876,0.0080044160,55,877.724899954422,sai
1,883,0.0021077134,0,883.0,irrevoc
1,884,0.0011092481,0,884.0,uraiya
1,863,0.0255946071,86,867.2744663599868,round
1,882,0.0040582235,33,882.6171310370086,depart
1,829,0.0364902133,71,832.0348550391384,abdur_rahman
1,882,0.0030436677,33,882.6171310370086,proclaim
1,878,0.0064390455,85,882.1048690490264,danger
1,869,0.0155208978,81,872.7668646322453,hope
1,869,0.0130702297,6,869.0207132168945,buraira
1,698,0.1182362235,92,704.0369308495116,anyth
1,884,0.0011092481,0,884.0,masiah_ad_dajj
1,884,0.0011092481,0,884.0,ad_dail
1,805,0.0488920678,91,810.1271505140412,shall
1,884,0.0011092481,0,884.0,mijannah
1,883,0.0021077134,0,883.0,thaur
1,882,0.0050727794,33,882.6171310370086,pour
1,882,0.0030436677,66,884.4659405539594,laka_l_hamd
1,884,0.0033277444,0,884.0,sting
1,877,0.0072301845,87,881.3047146135099,burd
1,793,0.0719221318,94,798.5518142237233,pulpit
1,884,0.0011092481,0,884.0,muawwidhat
1,883,0.0021077134,50,884.4144955845081,ata_bin_abi
1,883,0.0021077134,50,884.4144955845081,mikhdab
1,824,0.0403278238,95,829.4582569364175,bin
1,881,0.0059044308,75,884.1866318826586,trait
1,882,0.0030436677,66,884.4659405539594,abdur_rahman_bin_al_aswad_bin_abu
1,847,0.0288416056,78,850.5839170828473,mine
1,877,0.0072301845,75,880.2011133826178,rajab
1,881,0.0039362872,0,881.0,maghafir
1,884,0.0011092481,0,884.0,hudhaifa_bin_utba__cam
1,876,0.0088937955,88,880.4089958649901,heresi
1,851,0.0272930088,97,856.5103618754416,creation
1,883,0.0021077134,0,883.0,muhammad_bin_al_muntathir
1,862,0.0261725200,73,865.0855449029305,heard
1,883,0.0021077134,0,883.0,nusaiba
1,867,0.0144305028,94,872.0808448762076,qirat
1,880,0.0047958224,80,883.6288813749809,amr_bin_al_a
1,878,0.0064390455,14,878.1116102182,al_qurazi
1,884,0.0011092481,0,884.0,liman_hamida
1,814,0.0619696354,95,819.5248623440292,gold
1,878,0.0073589092,42,879.0039817884785,liquor
1,876,0.0080044160,88,880.4089958649901,al_fatiha
1,851,0.0244200605,82,854.9415184677839,author
1,880,0.0057549869,80,883.6288813749809,no_on
1,870,0.0123775711,53,871.6128727824067,al_qasim
1,884,0.0011092481,0,884.0,aish
1,876,0.0080044160,66,878.4827829843906,explan
1,884,0.0011092481,0,884.0,suhail_bin_
1,884,0.0011092481,0,884.0,muhammad_bin_haushab
1,884,0.0011092481,0,884.0,labid_bin_aam
1,884,0.0011092481,0,884.0,as_samur
1,881,0.0049203590,75,884.1866318826586,injustic
1,853,0.0334086680,96,858.3851117068608,wood
1,789,0.0816361579,87,793.7820859656636,meal
1,883,0.0021077134,50,884.4144955845081,wan_nimata
1,884,0.0011092481,0,884.0,al_aasadi
1,877,0.0081339576,62,879.1888306842848,mood
1,884,0.0011092481,0,884.0,cackl
1,884,0.0011092481,0,884.0,saifya
1,862,0.0246329600,95,867.219118792938,treati
1,883,0.0021077134,50,884.4144955845081,al_harith_bin_hisham
1,883,0.0021077134,50,884.4144955845081,skill
1,881,0.0049203590,50,882.4177015450223,robe
1,849,0.0262938858,97,854.5232588993701,everyth
1,875,0.0087635904,70,877.7955342789116,shaban
1,882,0.0030436677,33,882.6171310370086,intend
1,884,0.0011092481,0,884.0,khalid_bin_sad
1,881,0.0039362872,0,881.0,hasba
1,883,0.0021077134,0,883.0,surat_an_na
1,880,0.0067141513,80,883.6288813749809,behavior
1,866,0.0166884337,89,870.5613131767343,respect
1,878,0.0110383638,85,882.1048690490264,ant
1,883,0.0021077134,50,884.4144955845081,al_wahd_bin_utba
1,879,0.0121953733,0,879.0,innoc
1,785,0.0871658311,74,788.4801836444591,meat
1,869,0.0212391233,93,873.9622417473195,cook
1,882,0.0030436677,0,882.0,jahm
1,884,0.0011092481,0,884.0,everyday
1,870,0.0123775711,86,874.2402415812257,muharram
1,868,0.0226542632,94,873.0750254130512,commit
1,878,0.0073589092,85,882.1048690490264,degre
1,882,0.0030436677,66,884.4659405539594,observ
1,864,0.0250133376,76,867.3361516736172,palac
1,839,0.0623726799,84,843.1945208550634,well
1,884,0.0011092481,0,884.0,barra
1,884,0.0011092481,0,884.0,snake_bit
1,855,0.0220444927,76,858.3711318538153,pre_lslam
1,884,0.0011092481,0,884.0,zahran
1,849,0.0255832403,97,854.5232588993701,khutba
1,880,0.0057549869,20,880.2272433866154,lenient
1,883,0.0021077134,0,883.0,hajj_al_qiran
1,764,0.0898151464,95,769.8837574595271,do
1,860,0.0220065109,92,864.9069314093858,care
1,873,0.0102424493,75,876.2157268618271,amma
1,884,0.0011092481,0,884.0,imal
1,872,0.0118077876,61,874.1309970479253,contract
1,617,0.1701389488,80,622.1647691729257,head
1,881,0.0068885025,75,884.1866318826586,steal
1,879,0.0056286338,83,882.9099614343469,rememb
1,884,0.0011092481,0,884.0,scatter
1,751,0.0886142619,84,755.6831346536721,cloth
1,884,0.0011092481,0,884.0,yazid_bin_ruman
1,883,0.0021077134,50,884.4144955845081,short
1,833,0.0383699437,86,837.4276088116512,today
1,878,0.0073589092,71,880.8660511110642,amus
1,882,0.0040582235,66,884.4659405539594,refrain
1,878,0.0064390455,85,882.1048690490264,verg
1,884,0.0011092481,0,884.0,us_ama
1,881,0.0039362872,0,881.0,hubaish
1,884,0.0011092481,0,884.0,guarantor
1,884,0.0011092481,0,884.0,kisa
1,884,0.0011092481,0,884.0,hala
1,880,0.0047958224,20,880.2272433866154,alqama_bin_waqqa
1,884,0.0011092481,0,884.0,assamu
1,814,0.0601105464,97,819.759110958823,enemi
1,857,0.0349645816,82,860.9140491361493,stand
1,884,0.0011092481,0,884.0,scribe
1,801,0.0668663284,89,805.9292772942301,chief
1,853,0.0232408126,93,858.0547768062363,burda
1,866,0.0150990590,94,871.0866776618731,purpos
1,794,0.0697589519,83,798.3263743607623,case
1,880,0.0067141513,80,883.6288813749809,grasp
1,748,0.0939548341,87,753.0424954808327,bodi
1,883,0.0021077134,0,883.0,kuda
1,880,0.0067141513,80,883.6288813749809,doer
1,744,0.1038022167,86,748.9539371683682,name
1,882,0.0030436677,66,884.4659405539594,capac
1,881,0.0039362872,75,884.1866318826586,velvet
1,871,0.0116758341,92,875.8453059758898,ubaidullah
1,884,0.0011092481,0,884.0,foster_moth
1,788,0.0693094419,85,792.5711324543685,sign
1,870,0.0173285996,86,874.2402415812257,build
1,883,0.0021077134,50,884.4144955845081,al_aswad_bin_yazid
1,824,0.0390475754,91,829.0096501247739,hudhaifa
1,868,0.0186088591,88,872.4494254683191,edg
1,837,0.0349580878,81,840.9102211294615,conquest
1,883,0.0021077134,50,884.4144955845081,ii
1,0,0.2449620133,0,0.0,aisha
1,881,0.0039362872,25,881.3546391776695,an_na
1,684,0.1579931684,68,687.371806230078,women
1,883,0.0021077134,0,883.0,ceil
1,852,0.0245547020,90,856.7403340569417,revel
1,869,0.0220560126,87,873.3441475157431,charg
1,879,0.0065667395,16,879.14560796264,display
1,884,0.0011092481,0,884.0,nafth
1,623,0.1173200398,86,628.9077833832239,lord
1,875,0.0087635904,90,879.6163936626011,lahab
1,884,0.0022184962,0,884.0,threshold
1,877,0.0081339576,87,881.3047146135099,am
1,846,0.0272998081,92,850.987661485171,yemen
1,871,0.0116758341,85,875.1377034501485,muadh_dhin
